planid,provider,plan_name,premium,deductible,copay,coverageamount,networksize,claimrejectionrate,addons,waitingperioddays,geos,plan_type,plan_tier,age_band_18_35_premium,age_band_36_50_premium,age_band_51_65_premium,max_out_of_pocket,plan_category
PL10000,Life Insurance Corporation of India (LIC),Life Insurance Corporation of India (LIC) Pure Term Plan,300.0,0.0,0.0,10000000,0,1.23,accident_cover,0,"Kerala,Odisha,Delhi,Haryana,Maharashtra",individual,NA,200.0,300.0,500.0,0,Pure Term Plan
PL10001,Life Insurance Corporation of India (LIC),Life Insurance Corporation of India (LIC) Return of Premium (TROP),30.0,0.0,0.0,1000000,0,0.31,accident_cover,0,"Bihar,Rajasthan,Telangana,Kerala,Gujarat",individual,NA,20.0,30.0,50.0,0,Return of Premium (TROP)
PL10002,Life Insurance Corporation of India (LIC),Life Insurance Corporation of India (LIC) Convertible Term Plan,150.0,0.0,0.0,5000000,0,1.36,,0,"Andhra Pradesh,Uttar Pradesh,Punjab,Delhi,Bihar",individual,NA,100.0,150.0,250.0,0,Convertible Term Plan
PL10003,HDFC Life Insurance,HDFC Life Insurance Pure Term Plan,150.0,0.0,0.0,5000000,0,0.19,accident_cover,0,"Kerala,Maharashtra,Uttar Pradesh,Odisha,Punjab",individual,NA,100.0,150.0,250.0,0,Pure Term Plan
PL10004,HDFC Life Insurance,HDFC Life Insurance Return of Premium (TROP),150.0,0.0,0.0,5000000,0,0.18,,0,"Gujarat,Telangana,Tamil Nadu,Uttar Pradesh,Punjab",individual,NA,100.0,150.0,250.0,0,Return of Premium (TROP)
PL10005,HDFC Life Insurance,HDFC Life Insurance Convertible Term Plan,15.0,0.0,0.0,500000,0,1.04,accident_cover,0,"Tamil Nadu,Karnataka,Maharashtra,West Bengal,Punjab",individual,NA,10.0,15.0,25.0,0,Convertible Term Plan
PL10006,Axis Max Life Insurance,Axis Max Life Insurance Pure Term Plan,60.0,0.0,0.0,2000000,0,0.74,accident_cover,0,"Delhi,Gujarat,Punjab,Andhra Pradesh,Rajasthan",individual,NA,40.0,60.0,100.0,0,Pure Term Plan
PL10007,Axis Max Life Insurance,Axis Max Life Insurance Return of Premium (TROP),150.0,0.0,0.0,5000000,0,1.06,,0,"Punjab,Bihar,Karnataka,Telangana,West Bengal",individual,NA,100.0,150.0,250.0,0,Return of Premium (TROP)
PL10008,Axis Max Life Insurance,Axis Max Life Insurance Convertible Term Plan,30.0,0.0,0.0,1000000,0,0.51,,0,"Uttar Pradesh,Punjab,Rajasthan,Gujarat,Kerala",individual,NA,20.0,30.0,50.0,0,Convertible Term Plan
PL10009,ICICI Prudential Life Insurance,ICICI Prudential Life Insurance Pure Term Plan,600.0,0.0,0.0,20000000,0,0.57,accident_cover,0,"Odisha,Kerala,Gujarat,Karnataka,Delhi",individual,NA,400.0,600.0,1000.0,0,Pure Term Plan
PL10010,ICICI Prudential Life Insurance,ICICI Prudential Life Insurance Return of Premium (TROP),150.0,0.0,0.0,5000000,0,0.17,,0,"Telangana,Rajasthan,Karnataka,Bihar,Gujarat",individual,NA,100.0,150.0,250.0,0,Return of Premium (TROP)
PL10011,ICICI Prudential Life Insurance,ICICI Prudential Life Insurance Convertible Term Plan,30.0,0.0,0.0,1000000,0,1.31,,0,"Gujarat,Uttar Pradesh,Odisha,Rajasthan,Andhra Pradesh",individual,NA,20.0,30.0,50.0,0,Convertible Term Plan
PL10012,Kotak Mahindra Life Insurance,Kotak Mahindra Life Insurance Pure Term Plan,30.0,0.0,0.0,1000000,0,0.11,accident_cover,0,"Tamil Nadu,Karnataka,Gujarat,Haryana,Rajasthan",individual,NA,20.0,30.0,50.0,0,Pure Term Plan
PL10013,Kotak Mahindra Life Insurance,Kotak Mahindra Life Insurance Return of Premium (TROP),600.0,0.0,0.0,20000000,0,1.33,,0,"Uttar Pradesh,Punjab,Tamil Nadu,Rajasthan,Delhi",individual,NA,400.0,600.0,1000.0,0,Return of Premium (TROP)
PL10014,Kotak Mahindra Life Insurance,Kotak Mahindra Life Insurance Convertible Term Plan,30.0,0.0,0.0,1000000,0,1.37,accident_cover,0,"Karnataka,West Bengal,Maharashtra,Rajasthan,Gujarat",individual,NA,20.0,30.0,50.0,0,Convertible Term Plan
PL10015,Aditya Birla Sun Life Insurance,Aditya Birla Sun Life Insurance Pure Term Plan,300.0,0.0,0.0,10000000,0,1.14,,0,"Telangana,Rajasthan,Andhra Pradesh,Odisha,Gujarat",individual,NA,200.0,300.0,500.0,0,Pure Term Plan
PL10016,Aditya Birla Sun Life Insurance,Aditya Birla Sun Life Insurance Return of Premium (TROP),60.0,0.0,0.0,2000000,0,0.61,,0,"Maharashtra,Tamil Nadu,West Bengal,Haryana,Karnataka",individual,NA,40.0,60.0,100.0,0,Return of Premium (TROP)
PL10017,Aditya Birla Sun Life Insurance,Aditya Birla Sun Life Insurance Convertible Term Plan,300.0,0.0,0.0,10000000,0,0.11,accident_cover,0,"Delhi,Uttar Pradesh,Rajasthan,Maharashtra,Haryana",individual,NA,200.0,300.0,500.0,0,Convertible Term Plan
PL10018,TATA AIA Life Insurance,TATA AIA Life Insurance Pure Term Plan,60.0,0.0,0.0,2000000,0,0.23,accident_cover,0,"Haryana,Karnataka,Rajasthan,Uttar Pradesh,Kerala",individual,NA,40.0,60.0,100.0,0,Pure Term Plan
PL10019,TATA AIA Life Insurance,TATA AIA Life Insurance Return of Premium (TROP),15.0,0.0,0.0,500000,0,0.72,accident_cover,0,"Karnataka,West Bengal,Kerala,Haryana,Telangana",individual,NA,10.0,15.0,25.0,0,Return of Premium (TROP)
PL10020,TATA AIA Life Insurance,TATA AIA Life Insurance Convertible Term Plan,15.0,0.0,0.0,500000,0,1.13,,0,"Haryana,Uttar Pradesh,Bihar,Gujarat,Andhra Pradesh",individual,NA,10.0,15.0,25.0,0,Convertible Term Plan
PL10021,SBI Life Insurance,SBI Life Insurance Pure Term Plan,15.0,0.0,0.0,500000,0,0.49,accident_cover,0,"Maharashtra,Telangana,West Bengal,Haryana,Gujarat",individual,NA,10.0,15.0,25.0,0,Pure Term Plan
PL10022,SBI Life Insurance,SBI Life Insurance Return of Premium (TROP),600.0,0.0,0.0,20000000,0,1.44,accident_cover,0,"Karnataka,West Bengal,Maharashtra,Delhi,Gujarat",individual,NA,400.0,600.0,1000.0,0,Return of Premium (TROP)
PL10023,SBI Life Insurance,SBI Life Insurance Convertible Term Plan,600.0,0.0,0.0,20000000,0,1.41,accident_cover,0,"Uttar Pradesh,Maharashtra,Telangana,West Bengal,Delhi",individual,NA,400.0,600.0,1000.0,0,Convertible Term Plan
PL10024,Bajaj Allianz Life Insurance,Bajaj Allianz Life Insurance Pure Term Plan,60.0,0.0,0.0,2000000,0,1.05,accident_cover,0,"Rajasthan,Andhra Pradesh,Karnataka,Punjab,Telangana",individual,NA,40.0,60.0,100.0,0,Pure Term Plan
PL10025,Bajaj Allianz Life Insurance,Bajaj Allianz Life Insurance Return of Premium (TROP),600.0,0.0,0.0,20000000,0,0.97,accident_cover,0,"West Bengal,Bihar,Punjab,Gujarat,Andhra Pradesh",individual,NA,400.0,600.0,1000.0,0,Return of Premium (TROP)
PL10026,Bajaj Allianz Life Insurance,Bajaj Allianz Life Insurance Convertible Term Plan,150.0,0.0,0.0,5000000,0,0.87,accident_cover,0,"Kerala,Telangana,Rajasthan,Odisha,West Bengal",individual,NA,100.0,150.0,250.0,0,Convertible Term Plan
PL10027,PNB MetLife India Insurance,PNB MetLife India Insurance Pure Term Plan,30.0,0.0,0.0,1000000,0,0.56,accident_cover,0,"Uttar Pradesh,Kerala,Haryana,West Bengal,Karnataka",individual,NA,20.0,30.0,50.0,0,Pure Term Plan
PL10028,PNB MetLife India Insurance,PNB MetLife India Insurance Return of Premium (TROP),60.0,0.0,0.0,2000000,0,1.04,,0,"Uttar Pradesh,Rajasthan,Haryana,Odisha,Delhi",individual,NA,40.0,60.0,100.0,0,Return of Premium (TROP)
PL10029,PNB MetLife India Insurance,PNB MetLife India Insurance Convertible Term Plan,600.0,0.0,0.0,20000000,0,1.08,,0,"Kerala,Bihar,Tamil Nadu,Delhi,Maharashtra",individual,NA,400.0,600.0,1000.0,0,Convertible Term Plan
PL10030,Reliance Nippon Life Insurance,Reliance Nippon Life Insurance Pure Term Plan,300.0,0.0,0.0,10000000,0,0.47,,0,"Telangana,Maharashtra,Rajasthan,Punjab,Gujarat",individual,NA,200.0,300.0,500.0,0,Pure Term Plan
PL10031,Reliance Nippon Life Insurance,Reliance Nippon Life Insurance Return of Premium (TROP),30.0,0.0,0.0,1000000,0,0.23,accident_cover,0,"Delhi,Haryana,Uttar Pradesh,Punjab,West Bengal",individual,NA,20.0,30.0,50.0,0,Return of Premium (TROP)
PL10032,Reliance Nippon Life Insurance,Reliance Nippon Life Insurance Convertible Term Plan,300.0,0.0,0.0,10000000,0,0.56,accident_cover,0,"Rajasthan,West Bengal,Gujarat,Haryana,Andhra Pradesh",individual,NA,200.0,300.0,500.0,0,Convertible Term Plan
PL10033,Aviva Life Insurance India,Aviva Life Insurance India Pure Term Plan,150.0,0.0,0.0,5000000,0,0.39,accident_cover,0,"Gujarat,Odisha,Kerala,Maharashtra,Andhra Pradesh",individual,NA,100.0,150.0,250.0,0,Pure Term Plan
PL10034,Aviva Life Insurance India,Aviva Life Insurance India Return of Premium (TROP),15.0,0.0,0.0,500000,0,1.19,,0,"Delhi,Bihar,Tamil Nadu,Odisha,Karnataka",individual,NA,10.0,15.0,25.0,0,Return of Premium (TROP)
PL10035,Aviva Life Insurance India,Aviva Life Insurance India Convertible Term Plan,15.0,0.0,0.0,500000,0,1.44,accident_cover,0,"Telangana,Rajasthan,Gujarat,Maharashtra,Kerala",individual,NA,10.0,15.0,25.0,0,Convertible Term Plan
PL10036,Sahara India Life Insurance,Sahara India Life Insurance Pure Term Plan,15.0,0.0,0.0,500000,0,0.73,,0,"Punjab,Rajasthan,Delhi,Andhra Pradesh,Telangana",individual,NA,10.0,15.0,25.0,0,Pure Term Plan
PL10037,Sahara India Life Insurance,Sahara India Life Insurance Return of Premium (TROP),60.0,0.0,0.0,2000000,0,0.98,accident_cover,0,"Maharashtra,Rajasthan,Delhi,Uttar Pradesh,Tamil Nadu",individual,NA,40.0,60.0,100.0,0,Return of Premium (TROP)
PL10038,Sahara India Life Insurance,Sahara India Life Insurance Convertible Term Plan,60.0,0.0,0.0,2000000,0,0.3,accident_cover,0,"Telangana,Bihar,West Bengal,Punjab,Kerala",individual,NA,40.0,60.0,100.0,0,Convertible Term Plan
PL10039,Shriram Life Insurance,Shriram Life Insurance Pure Term Plan,60.0,0.0,0.0,2000000,0,1.28,,0,"West Bengal,Maharashtra,Tamil Nadu,Kerala,Delhi",individual,NA,40.0,60.0,100.0,0,Pure Term Plan
PL10040,Shriram Life Insurance,Shriram Life Insurance Return of Premium (TROP),60.0,0.0,0.0,2000000,0,0.27,,0,"Haryana,Tamil Nadu,Uttar Pradesh,Kerala,Andhra Pradesh",individual,NA,40.0,60.0,100.0,0,Return of Premium (TROP)
PL10041,Shriram Life Insurance,Shriram Life Insurance Convertible Term Plan,60.0,0.0,0.0,2000000,0,1.23,accident_cover,0,"Punjab,Tamil Nadu,Gujarat,West Bengal,Telangana",individual,NA,40.0,60.0,100.0,0,Convertible Term Plan
PL10042,Bharti AXA Life Insurance,Bharti AXA Life Insurance Pure Term Plan,15.0,0.0,0.0,500000,0,1.01,,0,"Telangana,Rajasthan,Karnataka,Punjab,Haryana",individual,NA,10.0,15.0,25.0,0,Pure Term Plan
PL10043,Bharti AXA Life Insurance,Bharti AXA Life Insurance Return of Premium (TROP),600.0,0.0,0.0,20000000,0,0.66,,0,"Punjab,Haryana,Telangana,Odisha,Rajasthan",individual,NA,400.0,600.0,1000.0,0,Return of Premium (TROP)
PL10044,Bharti AXA Life Insurance,Bharti AXA Life Insurance Convertible Term Plan,60.0,0.0,0.0,2000000,0,1.44,,0,"Karnataka,Rajasthan,Tamil Nadu,Andhra Pradesh,Telangana",individual,NA,40.0,60.0,100.0,0,Convertible Term Plan
PL10045,Future Generali India Life Insurance,Future Generali India Life Insurance Pure Term Plan,15.0,0.0,0.0,500000,0,0.78,,0,"Uttar Pradesh,Kerala,Punjab,Maharashtra,Rajasthan",individual,NA,10.0,15.0,25.0,0,Pure Term Plan
PL10046,Future Generali India Life Insurance,Future Generali India Life Insurance Return of Premium (TROP),600.0,0.0,0.0,20000000,0,0.31,accident_cover,0,"Odisha,Kerala,Punjab,Andhra Pradesh,West Bengal",individual,NA,400.0,600.0,1000.0,0,Return of Premium (TROP)
PL10047,Future Generali India Life Insurance,Future Generali India Life Insurance Convertible Term Plan,60.0,0.0,0.0,2000000,0,0.61,accident_cover,0,"Tamil Nadu,Bihar,Kerala,Maharashtra,Delhi",individual,NA,40.0,60.0,100.0,0,Convertible Term Plan
PL10048,Ageas Federal Life Insurance,Ageas Federal Life Insurance Pure Term Plan,30.0,0.0,0.0,1000000,0,0.39,accident_cover,0,"Telangana,Punjab,Delhi,Karnataka,Andhra Pradesh",individual,NA,20.0,30.0,50.0,0,Pure Term Plan
PL10049,Ageas Federal Life Insurance,Ageas Federal Life Insurance Return of Premium (TROP),30.0,0.0,0.0,1000000,0,0.16,accident_cover,0,"Odisha,Punjab,Delhi,Uttar Pradesh,Haryana",individual,NA,20.0,30.0,50.0,0,Return of Premium (TROP)
PL10050,Ageas Federal Life Insurance,Ageas Federal Life Insurance Convertible Term Plan,15.0,0.0,0.0,500000,0,1.32,,0,"Uttar Pradesh,Bihar,Andhra Pradesh,Punjab,Delhi",individual,NA,10.0,15.0,25.0,0,Convertible Term Plan
PL10051,Canara HSBC Life Insurance,Canara HSBC Life Insurance Pure Term Plan,150.0,0.0,0.0,5000000,0,0.67,,0,"Kerala,Punjab,Haryana,Rajasthan,Andhra Pradesh",individual,NA,100.0,150.0,250.0,0,Pure Term Plan
PL10052,Canara HSBC Life Insurance,Canara HSBC Life Insurance Return of Premium (TROP),150.0,0.0,0.0,5000000,0,0.91,,0,"Uttar Pradesh,Haryana,Punjab,Delhi,Kerala",individual,NA,100.0,150.0,250.0,0,Return of Premium (TROP)
PL10053,Canara HSBC Life Insurance,Canara HSBC Life Insurance Convertible Term Plan,30.0,0.0,0.0,1000000,0,0.97,accident_cover,0,"Haryana,Delhi,Odisha,Tamil Nadu,Maharashtra",individual,NA,20.0,30.0,50.0,0,Convertible Term Plan
PL10054,Bandhan Life Insurance,Bandhan Life Insurance Pure Term Plan,15.0,0.0,0.0,500000,0,0.16,accident_cover,0,"Maharashtra,Telangana,Haryana,Tamil Nadu,West Bengal",individual,NA,10.0,15.0,25.0,0,Pure Term Plan
PL10055,Bandhan Life Insurance,Bandhan Life Insurance Return of Premium (TROP),300.0,0.0,0.0,10000000,0,0.22,,0,"Punjab,Bihar,Andhra Pradesh,Maharashtra,Gujarat",individual,NA,200.0,300.0,500.0,0,Return of Premium (TROP)
PL10056,Bandhan Life Insurance,Bandhan Life Insurance Convertible Term Plan,300.0,0.0,0.0,10000000,0,0.31,,0,"Maharashtra,Bihar,Kerala,Uttar Pradesh,Delhi",individual,NA,200.0,300.0,500.0,0,Convertible Term Plan
PL10057,Pramerica Life Insurance,Pramerica Life Insurance Pure Term Plan,60.0,0.0,0.0,2000000,0,0.26,,0,"Uttar Pradesh,Karnataka,Maharashtra,Tamil Nadu,Telangana",individual,NA,40.0,60.0,100.0,0,Pure Term Plan
PL10058,Pramerica Life Insurance,Pramerica Life Insurance Return of Premium (TROP),600.0,0.0,0.0,20000000,0,0.5,accident_cover,0,"Delhi,Telangana,Andhra Pradesh,Tamil Nadu,West Bengal",individual,NA,400.0,600.0,1000.0,0,Return of Premium (TROP)
PL10059,Pramerica Life Insurance,Pramerica Life Insurance Convertible Term Plan,30.0,0.0,0.0,1000000,0,1.49,accident_cover,0,"Andhra Pradesh,Odisha,Punjab,West Bengal,Delhi",individual,NA,20.0,30.0,50.0,0,Convertible Term Plan
PL10060,Star Union Dai-ichi Life Insurance,Star Union Dai-ichi Life Insurance Pure Term Plan,600.0,0.0,0.0,20000000,0,1.2,accident_cover,0,"Bihar,Rajasthan,Kerala,Haryana,Punjab",individual,NA,400.0,600.0,1000.0,0,Pure Term Plan
PL10061,Star Union Dai-ichi Life Insurance,Star Union Dai-ichi Life Insurance Return of Premium (TROP),15.0,0.0,0.0,500000,0,0.84,,0,"Telangana,Maharashtra,Punjab,Bihar,Karnataka",individual,NA,10.0,15.0,25.0,0,Return of Premium (TROP)
PL10062,Star Union Dai-ichi Life Insurance,Star Union Dai-ichi Life Insurance Convertible Term Plan,15.0,0.0,0.0,500000,0,0.8,accident_cover,0,"Delhi,Karnataka,Telangana,Punjab,Andhra Pradesh",individual,NA,10.0,15.0,25.0,0,Convertible Term Plan
PL10063,IndiaFirst Life Insurance,IndiaFirst Life Insurance Pure Term Plan,150.0,0.0,0.0,5000000,0,0.73,accident_cover,0,"Odisha,Punjab,Delhi,Gujarat,Tamil Nadu",individual,NA,100.0,150.0,250.0,0,Pure Term Plan
PL10064,IndiaFirst Life Insurance,IndiaFirst Life Insurance Return of Premium (TROP),600.0,0.0,0.0,20000000,0,1.09,accident_cover,0,"Karnataka,Andhra Pradesh,Tamil Nadu,Kerala,Rajasthan",individual,NA,400.0,600.0,1000.0,0,Return of Premium (TROP)
PL10065,IndiaFirst Life Insurance,IndiaFirst Life Insurance Convertible Term Plan,60.0,0.0,0.0,2000000,0,0.13,accident_cover,0,"Uttar Pradesh,Delhi,Haryana,Telangana,Karnataka",individual,NA,40.0,60.0,100.0,0,Convertible Term Plan
PL10066,Edelweiss Life Insurance,Edelweiss Life Insurance Pure Term Plan,600.0,0.0,0.0,20000000,0,0.39,,0,"Andhra Pradesh,Bihar,Tamil Nadu,Delhi,Haryana",individual,NA,400.0,600.0,1000.0,0,Pure Term Plan
PL10067,Edelweiss Life Insurance,Edelweiss Life Insurance Return of Premium (TROP),150.0,0.0,0.0,5000000,0,0.29,accident_cover,0,"Karnataka,Maharashtra,Odisha,Andhra Pradesh,Haryana",individual,NA,100.0,150.0,250.0,0,Return of Premium (TROP)
PL10068,Edelweiss Life Insurance,Edelweiss Life Insurance Convertible Term Plan,30.0,0.0,0.0,1000000,0,0.91,accident_cover,0,"Odisha,Uttar Pradesh,Gujarat,Delhi,Kerala",individual,NA,20.0,30.0,50.0,0,Convertible Term Plan
PL10069,Credit Access Life Insurance,Credit Access Life Insurance Pure Term Plan,600.0,0.0,0.0,20000000,0,0.33,accident_cover,0,"Odisha,Kerala,Telangana,Delhi,Rajasthan",individual,NA,400.0,600.0,1000.0,0,Pure Term Plan
PL10070,Credit Access Life Insurance,Credit Access Life Insurance Return of Premium (TROP),30.0,0.0,0.0,1000000,0,1.27,accident_cover,0,"Tamil Nadu,Haryana,Kerala,Karnataka,Delhi",individual,NA,20.0,30.0,50.0,0,Return of Premium (TROP)
PL10071,Credit Access Life Insurance,Credit Access Life Insurance Convertible Term Plan,300.0,0.0,0.0,10000000,0,1.38,accident_cover,0,"Odisha,Rajasthan,Delhi,Punjab,West Bengal",individual,NA,200.0,300.0,500.0,0,Convertible Term Plan
PL10072,ACKO Life Insurance,ACKO Life Insurance Pure Term Plan,60.0,0.0,0.0,2000000,0,0.11,,0,"Rajasthan,Tamil Nadu,Uttar Pradesh,West Bengal,Kerala",individual,NA,40.0,60.0,100.0,0,Pure Term Plan
PL10073,ACKO Life Insurance,ACKO Life Insurance Return of Premium (TROP),600.0,0.0,0.0,20000000,0,1.34,accident_cover,0,"Rajasthan,Tamil Nadu,Punjab,Haryana,West Bengal",individual,NA,400.0,600.0,1000.0,0,Return of Premium (TROP)
PL10074,ACKO Life Insurance,ACKO Life Insurance Convertible Term Plan,150.0,0.0,0.0,5000000,0,1.02,accident_cover,0,"Telangana,Maharashtra,Gujarat,Bihar,Punjab",individual,NA,100.0,150.0,250.0,0,Convertible Term Plan
PL10075,Go Digit Life Insurance,Go Digit Life Insurance Pure Term Plan,600.0,0.0,0.0,20000000,0,0.83,,0,"Rajasthan,Gujarat,Punjab,West Bengal,Andhra Pradesh",individual,NA,400.0,600.0,1000.0,0,Pure Term Plan
PL10076,Go Digit Life Insurance,Go Digit Life Insurance Return of Premium (TROP),30.0,0.0,0.0,1000000,0,0.14,accident_cover,0,"Telangana,West Bengal,Gujarat,Odisha,Rajasthan",individual,NA,20.0,30.0,50.0,0,Return of Premium (TROP)
PL10077,Go Digit Life Insurance,Go Digit Life Insurance Convertible Term Plan,30.0,0.0,0.0,1000000,0,0.94,accident_cover,0,"Gujarat,Tamil Nadu,Uttar Pradesh,Kerala,Maharashtra",individual,NA,20.0,30.0,50.0,0,Convertible Term Plan
PL10078,Acko General Insurance,Acko General Insurance Individual Health Insurance Bronze,8469.07,5000.0,5.0,179161,731,6.47,"opd,hospitalcash,maternity",30,"Uttar Pradesh,Tamil Nadu,Telangana,Karnataka",individual,Bronze,7791.54,9485.36,12280.15,25000,Individual Health Insurance
PL10079,Acko General Insurance,Acko General Insurance Family Floater Gold,44078.87,10000.0,5.0,946170,14301,3.56,"opd,criticalillness,hospitalcash",30,"Maharashtra,Kerala,Punjab,Uttar Pradesh",family_floater,Gold,40552.56,49368.33,63914.36,50000,Family Floater
PL10080,Acko General Insurance,Acko General Insurance Senior Citizen Health Silver,13711.83,0.0,0.0,482945,3462,6.7,ayush,90,"Tamil Nadu,Gujarat,Odisha,Delhi",individual,Silver,12614.88,15357.25,19882.15,10000,Senior Citizen Health
PL10081,Aditya Birla Health Insurance,Aditya Birla Health Insurance Individual Health Insurance Gold,33394.1,0.0,10.0,1047437,14148,4.95,"hospitalcash,telemedicine",180,"Kerala,Gujarat,Delhi,Maharashtra",individual,Gold,30722.57,37401.39,48421.44,25000,Individual Health Insurance
PL10082,Aditya Birla Health Insurance,Aditya Birla Health Insurance Family Floater Silver,23231.67,5000.0,5.0,502749,14513,6.91,"accident_cover,vision,maternity,dental",180,"Gujarat,Odisha,West Bengal,Rajasthan",family_floater,Silver,21373.14,26019.47,33685.92,25000,Family Floater
PL10083,Aditya Birla Health Insurance,Aditya Birla Health Insurance Senior Citizen Health Bronze,5846.65,0.0,5.0,204507,14456,7.68,"criticalillness,maternity,dental",90,"Uttar Pradesh,Delhi,Karnataka,Haryana",individual,Bronze,5378.92,6548.25,8477.64,50000,Senior Citizen Health
PL10084,Aditya Birla Health Insurance,Aditya Birla Health Insurance Critical Illness Plan,525.0,0.0,0.0,500000,6784,5.16,criticalillness,365,"Kerala,Haryana,Odisha,Andhra Pradesh,Uttar Pradesh",individual,Gold,498.75,682.5,945.0,0,Critical Illness
PL10085,Agriculture Insurance Company of India,Agriculture Insurance Company of India Individual Health Insurance Silver,14762.72,20000.0,5.0,589460,8086,1.47,"ayush,criticalillness,vision",60,"Telangana,Tamil Nadu,West Bengal,Gujarat",individual,Silver,13581.7,16534.25,21405.94,25000,Individual Health Insurance
PL10086,Agriculture Insurance Company of India,Agriculture Insurance Company of India Family Floater Bronze,10651.86,10000.0,5.0,181647,9577,4.09,"maternity,hospitalcash",60,"Haryana,Rajasthan,Telangana,Karnataka",family_floater,Bronze,9799.71,11930.08,15445.2,25000,Family Floater
PL10087,Agriculture Insurance Company of India,Agriculture Insurance Company of India Senior Citizen Health Bronze,9502.98,5000.0,10.0,200470,8678,6.1,hospitalcash,180,"Odisha,Gujarat,Maharashtra,Delhi",individual,Bronze,8742.74,10643.34,13779.32,10000,Senior Citizen Health
PL10088,Agriculture Insurance Company of India,Agriculture Insurance Company of India Critical Illness Plan,1050.0,0.0,0.0,1000000,7015,0.52,criticalillness,90,"Bihar,Gujarat,Haryana,Punjab,Kerala",individual,Gold,997.5,1365.0,1890.0,0,Critical Illness
PL10089,Bajaj Allianz General Insurance,Bajaj Allianz General Insurance Individual Health Insurance Gold,27266.04,0.0,15.0,1031249,13320,2.91,ayush,180,"Haryana,Andhra Pradesh,Rajasthan,Karnataka",individual,Gold,25084.76,30537.96,39535.76,50000,Individual Health Insurance
PL10090,Bajaj Allianz General Insurance,Bajaj Allianz General Insurance Family Floater Silver,20244.22,5000.0,5.0,487987,8995,6.26,"vision,roomrentwaiver,opd",90,"Delhi,Tamil Nadu,Gujarat,West Bengal",family_floater,Silver,18624.68,22673.53,29354.12,50000,Family Floater
PL10091,Bajaj Allianz General Insurance,Bajaj Allianz General Insurance Senior Citizen Health Bronze,7578.32,5000.0,15.0,226911,10016,3.2,ayush,30,"Karnataka,Delhi,Odisha,Uttar Pradesh",individual,Bronze,6972.05,8487.72,10988.56,10000,Senior Citizen Health
PL10092,Cholamandalam MS General Insurance,Cholamandalam MS General Insurance Individual Health Insurance Gold,23031.53,10000.0,0.0,934324,7250,2.93,dental,180,"Odisha,Bihar,Kerala,Telangana",individual,Gold,21189.01,25795.31,33395.72,50000,Individual Health Insurance
PL10093,Cholamandalam MS General Insurance,Cholamandalam MS General Insurance Family Floater Gold,38904.56,20000.0,10.0,929736,12739,6.97,telemedicine,30,"Rajasthan,Bihar,Odisha,Telangana",family_floater,Gold,35792.2,43573.11,56411.61,10000,Family Floater
PL10094,Cholamandalam MS General Insurance,Cholamandalam MS General Insurance Senior Citizen Health Bronze,6262.05,20000.0,0.0,225640,4588,3.32,dental,60,"Punjab,Andhra Pradesh,Tamil Nadu,Kerala",individual,Bronze,5761.09,7013.5,9079.97,5000,Senior Citizen Health
PL10095,Cholamandalam MS General Insurance,Cholamandalam MS General Insurance Critical Illness Plan,2100.0,0.0,0.0,2000000,3489,1.91,criticalillness,180,"Uttar Pradesh,Maharashtra,Kerala,Haryana,Punjab",individual,Gold,1995.0,2730.0,3780.0,0,Critical Illness
PL10096,Manipal Cigna Health Insurance,Manipal Cigna Health Insurance Individual Health Insurance Bronze,8666.61,10000.0,0.0,231183,7382,7.78,"dental,roomrentwaiver,hospitalcash",30,"West Bengal,Andhra Pradesh,Haryana,Uttar Pradesh",individual,Bronze,7973.28,9706.6,12566.58,10000,Individual Health Insurance
PL10097,Manipal Cigna Health Insurance,Manipal Cigna Health Insurance Family Floater Bronze,11613.22,10000.0,5.0,222655,12311,0.86,"vision,opd",90,"Karnataka,Uttar Pradesh,Kerala,Tamil Nadu",family_floater,Bronze,10684.16,13006.81,16839.17,10000,Family Floater
PL10098,Manipal Cigna Health Insurance,Manipal Cigna Health Insurance Senior Citizen Health Bronze,7753.73,20000.0,0.0,188979,6384,3.94,opd,60,"Maharashtra,Andhra Pradesh,Kerala,Odisha",individual,Bronze,7133.43,8684.18,11242.91,25000,Senior Citizen Health
PL10099,Manipal Cigna Health Insurance,Manipal Cigna Health Insurance Critical Illness Plan,2100.0,0.0,0.0,2000000,6859,3.02,criticalillness,90,"Uttar Pradesh,Odisha,Kerala,West Bengal,Bihar",individual,Gold,1995.0,2730.0,3780.0,0,Critical Illness
PL10100,Navi General Insurance,Navi General Insurance Individual Health Insurance Gold,21488.16,0.0,5.0,992968,8319,5.88,"ayush,opd",180,"West Bengal,Delhi,Maharashtra,Bihar",individual,Gold,19769.11,24066.74,31157.83,10000,Individual Health Insurance
PL10101,Navi General Insurance,Navi General Insurance Family Floater Silver,23330.74,5000.0,5.0,538461,9386,5.74,"maternity,accident_cover,hospitalcash",60,"Andhra Pradesh,Rajasthan,Punjab,Kerala",family_floater,Silver,21464.28,26130.43,33829.57,10000,Family Floater
PL10102,Navi General Insurance,Navi General Insurance Senior Citizen Health Bronze,6214.81,5000.0,5.0,182158,12223,3.4,dental,30,"Rajasthan,Bihar,Maharashtra,Odisha",individual,Bronze,5717.63,6960.59,9011.47,5000,Senior Citizen Health
PL10103,Navi General Insurance,Navi General Insurance Critical Illness Plan,525.0,0.0,0.0,500000,3547,3.42,criticalillness,90,"Rajasthan,Odisha,West Bengal,Delhi,Maharashtra",individual,Gold,498.75,682.5,945.0,0,Critical Illness
PL10104,Go Digit Insurance,Go Digit Insurance Individual Health Insurance Bronze,6303.52,5000.0,5.0,172438,8427,4.88,"criticalillness,hospitalcash",60,"Delhi,Kerala,West Bengal,Maharashtra",individual,Bronze,5799.24,7059.94,9140.1,5000,Individual Health Insurance
PL10105,Go Digit Insurance,Go Digit Insurance Family Floater Silver,25315.21,20000.0,5.0,477257,5914,6.1,"hospitalcash,maternity,opd,accident_cover",180,"Telangana,Delhi,Maharashtra,Haryana",family_floater,Silver,23289.99,28353.04,36707.05,5000,Family Floater
PL10106,Go Digit Insurance,Go Digit Insurance Senior Citizen Health Bronze,7099.03,20000.0,5.0,152618,11505,2.79,"opd,telemedicine,criticalillness,ayush",90,"Punjab,Uttar Pradesh,Gujarat,Telangana",individual,Bronze,6531.11,7950.91,10293.59,50000,Senior Citizen Health
PL10107,Go Digit Insurance,Go Digit Insurance Critical Illness Plan,5250.0,0.0,0.0,5000000,7528,3.13,criticalillness,180,"Haryana,Delhi,Telangana,Kerala,Punjab",individual,Gold,4987.5,6825.0,9450.0,0,Critical Illness
PL10108,Zuno General Insurance,Zuno General Insurance Individual Health Insurance Gold,26323.85,20000.0,5.0,896754,14038,7.75,"roomrentwaiver,maternity,accident_cover,opd",90,"Andhra Pradesh,Uttar Pradesh,Delhi,West Bengal",individual,Gold,24217.94,29482.71,38169.58,10000,Individual Health Insurance
PL10109,Zuno General Insurance,Zuno General Insurance Family Floater Bronze,11898.05,20000.0,10.0,210059,5824,4.44,dental,30,"Telangana,Odisha,Rajasthan,West Bengal",family_floater,Bronze,10946.21,13325.82,17252.17,5000,Family Floater
PL10110,Zuno General Insurance,Zuno General Insurance Senior Citizen Health Silver,13736.38,5000.0,10.0,536281,13964,5.09,"roomrentwaiver,criticalillness",60,"Gujarat,Delhi,Haryana,Punjab",individual,Silver,12637.47,15384.75,19917.75,25000,Senior Citizen Health
PL10111,ECGC Limited,ECGC Limited Individual Health Insurance Bronze,7486.04,10000.0,15.0,190272,6707,2.2,"opd,roomrentwaiver,maternity",60,"Gujarat,Punjab,Tamil Nadu,Delhi",individual,Bronze,6887.16,8384.36,10854.76,50000,Individual Health Insurance
PL10112,ECGC Limited,ECGC Limited Family Floater Gold,37497.39,5000.0,10.0,1164581,8007,1.88,"dental,accident_cover,opd",30,"Punjab,Karnataka,Andhra Pradesh,Delhi",family_floater,Gold,34497.6,41997.08,54371.22,25000,Family Floater
PL10113,ECGC Limited,ECGC Limited Senior Citizen Health Silver,12791.51,5000.0,0.0,433714,1838,1.69,hospitalcash,60,"Uttar Pradesh,Kerala,Odisha,Gujarat",individual,Silver,11768.19,14326.49,18547.69,50000,Senior Citizen Health
PL10114,ECGC Limited,ECGC Limited Critical Illness Plan,525.0,0.0,0.0,500000,2139,5.01,criticalillness,180,"Delhi,Haryana,Tamil Nadu,Gujarat,Karnataka",individual,Gold,498.75,682.5,945.0,0,Critical Illness
PL10115,Future Generali India Insurance,Future Generali India Insurance Individual Health Insurance Bronze,8074.73,5000.0,10.0,199605,2491,4.32,"accident_cover,maternity,opd,dental",90,"Bihar,West Bengal,Rajasthan,Tamil Nadu",individual,Bronze,7428.75,9043.7,11708.36,25000,Individual Health Insurance
PL10116,Future Generali India Insurance,Future Generali India Insurance Family Floater Bronze,12432.66,20000.0,10.0,233568,3231,3.21,"maternity,telemedicine,accident_cover",90,"Telangana,Punjab,Andhra Pradesh,Haryana",family_floater,Bronze,11438.05,13924.58,18027.36,10000,Family Floater
PL10117,Future Generali India Insurance,Future Generali India Insurance Senior Citizen Health Silver,11298.27,5000.0,0.0,509144,1968,5.78,"ayush,telemedicine",90,"Karnataka,Uttar Pradesh,Delhi,Andhra Pradesh",individual,Silver,10394.41,12654.06,16382.49,5000,Senior Citizen Health
PL10118,Future Generali India Insurance,Future Generali India Insurance Critical Illness Plan,5250.0,0.0,0.0,5000000,7472,3.14,criticalillness,180,"Tamil Nadu,West Bengal,Rajasthan,Karnataka,Bihar",individual,Gold,4987.5,6825.0,9450.0,0,Critical Illness
PL10119,HDFC ERGO General Insurance,HDFC ERGO General Insurance Individual Health Insurance Gold,28460.03,5000.0,10.0,1025766,11184,6.81,"telemedicine,opd,dental,criticalillness",30,"Punjab,Gujarat,Delhi,Kerala",individual,Gold,26183.23,31875.23,41267.04,25000,Individual Health Insurance
PL10120,HDFC ERGO General Insurance,HDFC ERGO General Insurance Family Floater Bronze,11534.07,0.0,5.0,193295,14040,6.2,"vision,accident_cover",60,"Maharashtra,Gujarat,West Bengal,Telangana",family_floater,Bronze,10611.34,12918.16,16724.4,10000,Family Floater
PL10121,HDFC ERGO General Insurance,HDFC ERGO General Insurance Senior Citizen Health Silver,16014.4,10000.0,0.0,563053,9971,1.17,telemedicine,30,"West Bengal,Tamil Nadu,Maharashtra,Gujarat",individual,Silver,14733.25,17936.13,23220.88,25000,Senior Citizen Health
PL10122,HDFC ERGO General Insurance,HDFC ERGO General Insurance Critical Illness Plan,5250.0,0.0,0.0,5000000,6402,5.66,criticalillness,365,"Haryana,Uttar Pradesh,Bihar,Delhi,Maharashtra",individual,Gold,4987.5,6825.0,9450.0,0,Critical Illness
PL10123,ICICI Lombard General Insurance,ICICI Lombard General Insurance Individual Health Insurance Bronze,7852.92,0.0,5.0,222510,6304,6.96,"criticalillness,hospitalcash,vision",90,"Uttar Pradesh,Andhra Pradesh,Karnataka,Haryana",individual,Bronze,7224.69,8795.27,11386.73,10000,Individual Health Insurance
PL10124,ICICI Lombard General Insurance,ICICI Lombard General Insurance Family Floater Silver,24314.31,10000.0,15.0,504913,4623,2.68,"accident_cover,criticalillness",30,"Odisha,Maharashtra,Kerala,Karnataka",family_floater,Silver,22369.17,27232.03,35255.75,5000,Family Floater
PL10125,ICICI Lombard General Insurance,ICICI Lombard General Insurance Senior Citizen Health Silver,15939.96,20000.0,10.0,442494,8085,3.64,"vision,criticalillness",60,"Odisha,Haryana,Kerala,Uttar Pradesh",individual,Silver,14664.76,17852.76,23112.94,5000,Senior Citizen Health
PL10126,IFFCO TOKIO General Insurance,IFFCO TOKIO General Insurance Individual Health Insurance Silver,16027.67,20000.0,15.0,500148,10664,1.69,"criticalillness,telemedicine,dental",30,"Maharashtra,Odisha,Gujarat,Andhra Pradesh",individual,Silver,14745.46,17950.99,23240.12,50000,Individual Health Insurance
PL10127,IFFCO TOKIO General Insurance,IFFCO TOKIO General Insurance Family Floater Silver,21438.08,5000.0,5.0,513097,2734,3.51,"vision,opd,criticalillness,dental",30,"Uttar Pradesh,Gujarat,Telangana,Andhra Pradesh",family_floater,Silver,19723.03,24010.65,31085.22,5000,Family Floater
PL10128,IFFCO TOKIO General Insurance,IFFCO TOKIO General Insurance Senior Citizen Health Silver,12271.89,20000.0,5.0,466006,11927,0.69,"roomrentwaiver,telemedicine",60,"Rajasthan,Punjab,Maharashtra,Uttar Pradesh",individual,Silver,11290.14,13744.52,17794.24,5000,Senior Citizen Health
PL10129,IFFCO TOKIO General Insurance,IFFCO TOKIO General Insurance Critical Illness Plan,5250.0,0.0,0.0,5000000,6148,3.99,criticalillness,90,"Odisha,Kerala,Uttar Pradesh,Punjab,Karnataka",individual,Gold,4987.5,6825.0,9450.0,0,Critical Illness
PL10130,Zurich Kotak General Insurance,Zurich Kotak General Insurance Individual Health Insurance Bronze,5278.36,20000.0,15.0,219527,3841,1.11,vision,180,"Delhi,Maharashtra,West Bengal,Kerala",individual,Bronze,4856.09,5911.76,7653.62,25000,Individual Health Insurance
PL10131,Zurich Kotak General Insurance,Zurich Kotak General Insurance Family Floater Silver,21014.18,20000.0,5.0,512225,6354,1.18,opd,180,"Haryana,Bihar,Andhra Pradesh,Punjab",family_floater,Silver,19333.05,23535.88,30470.56,10000,Family Floater
PL10132,Zurich Kotak General Insurance,Zurich Kotak General Insurance Senior Citizen Health Gold,24575.71,0.0,0.0,1062055,9253,0.84,"dental,criticalillness,vision,hospitalcash",90,"Karnataka,Tamil Nadu,Rajasthan,Gujarat",individual,Gold,22609.65,27524.8,35634.78,25000,Senior Citizen Health
PL10133,Zurich Kotak General Insurance,Zurich Kotak General Insurance Critical Illness Plan,2100.0,0.0,0.0,2000000,3006,3.62,criticalillness,180,"West Bengal,Andhra Pradesh,Bihar,Telangana,Odisha",individual,Gold,1995.0,2730.0,3780.0,0,Critical Illness
PL10134,Liberty General Insurance,Liberty General Insurance Individual Health Insurance Gold,20476.56,0.0,10.0,817179,8626,5.67,"opd,vision",60,"Bihar,Delhi,Uttar Pradesh,Telangana",individual,Gold,18838.44,22933.75,29691.01,10000,Individual Health Insurance
PL10135,Liberty General Insurance,Liberty General Insurance Family Floater Gold,39574.72,20000.0,0.0,1183780,5418,1.61,accident_cover,30,"Tamil Nadu,Odisha,Karnataka,Gujarat",family_floater,Gold,36408.74,44323.69,57383.34,25000,Family Floater
PL10136,Liberty General Insurance,Liberty General Insurance Senior Citizen Health Silver,11725.96,20000.0,0.0,587330,9823,3.3,maternity,180,"Uttar Pradesh,Odisha,Andhra Pradesh,Delhi",individual,Silver,10787.88,13133.08,17002.64,5000,Senior Citizen Health
PL10137,Magma General Insurance,Magma General Insurance Individual Health Insurance Bronze,6163.92,20000.0,5.0,190601,3800,5.75,roomrentwaiver,90,"Telangana,West Bengal,Tamil Nadu,Rajasthan",individual,Bronze,5670.81,6903.59,8937.68,5000,Individual Health Insurance
PL10138,Magma General Insurance,Magma General Insurance Family Floater Bronze,11003.61,5000.0,15.0,219111,659,7.41,"ayush,hospitalcash",90,"Rajasthan,Karnataka,West Bengal,Kerala",family_floater,Bronze,10123.32,12324.04,15955.23,25000,Family Floater
PL10139,Magma General Insurance,Magma General Insurance Senior Citizen Health Bronze,6672.37,20000.0,10.0,223732,10251,3.69,"hospitalcash,vision,accident_cover",30,"Punjab,Uttar Pradesh,Delhi,Bihar",individual,Bronze,6138.58,7473.05,9674.94,25000,Senior Citizen Health
PL10140,Niva Bupa Health Insurance,Niva Bupa Health Insurance Individual Health Insurance Gold,25684.38,20000.0,15.0,1073699,13076,6.54,hospitalcash,60,"Rajasthan,Karnataka,Delhi,Punjab",individual,Gold,23629.63,28766.51,37242.35,10000,Individual Health Insurance
PL10141,Niva Bupa Health Insurance,Niva Bupa Health Insurance Family Floater Silver,22487.98,0.0,0.0,559581,10370,4.31,"opd,telemedicine",30,"Odisha,Kerala,Karnataka,Tamil Nadu",family_floater,Silver,20688.94,25186.54,32607.57,5000,Family Floater
PL10142,Niva Bupa Health Insurance,Niva Bupa Health Insurance Senior Citizen Health Silver,12834.12,20000.0,0.0,535689,13106,2.06,"vision,accident_cover,dental",30,"Haryana,Maharashtra,Andhra Pradesh,Gujarat",individual,Silver,11807.39,14374.21,18609.47,25000,Senior Citizen Health
PL10143,Niva Bupa Health Insurance,Niva Bupa Health Insurance Critical Illness Plan,525.0,0.0,0.0,500000,4443,1.78,criticalillness,365,"Punjab,West Bengal,Maharashtra,Bihar,Kerala",individual,Gold,498.75,682.5,945.0,0,Critical Illness
PL10144,National Insurance Company,National Insurance Company Individual Health Insurance Bronze,8046.93,20000.0,10.0,216721,8044,4.42,"criticalillness,vision",30,"Odisha,Telangana,Gujarat,Delhi",individual,Bronze,7403.18,9012.56,11668.05,5000,Individual Health Insurance
PL10145,National Insurance Company,National Insurance Company Family Floater Bronze,12868.09,20000.0,15.0,208627,1305,7.44,criticalillness,30,"Andhra Pradesh,Telangana,Odisha,Uttar Pradesh",family_floater,Bronze,11838.64,14412.26,18658.73,25000,Family Floater
PL10146,National Insurance Company,National Insurance Company Senior Citizen Health Gold,30055.6,20000.0,0.0,1098150,7960,4.94,telemedicine,60,"Odisha,Telangana,Punjab,Delhi",individual,Gold,27651.15,33662.27,43580.62,50000,Senior Citizen Health
PL10147,National Insurance Company,National Insurance Company Critical Illness Plan,525.0,0.0,0.0,500000,1080,5.74,criticalillness,180,"Kerala,Andhra Pradesh,Rajasthan,Haryana,Tamil Nadu",individual,Gold,498.75,682.5,945.0,0,Critical Illness
PL10148,New India Assurance Company,New India Assurance Company Individual Health Insurance Silver,12944.84,10000.0,15.0,511166,13004,6.78,accident_cover,60,"Rajasthan,Kerala,Bihar,Karnataka",individual,Silver,11909.25,14498.22,18770.02,10000,Individual Health Insurance
PL10149,New India Assurance Company,New India Assurance Company Family Floater Platinum,62118.03,5000.0,15.0,4950665,4404,6.87,"telemedicine,vision,maternity,roomrentwaiver",60,"Haryana,Punjab,Rajasthan,Kerala",family_floater,Platinum,57148.59,69572.19,90071.14,10000,Family Floater
PL10150,New India Assurance Company,New India Assurance Company Senior Citizen Health Gold,30448.78,5000.0,15.0,959496,14567,7.34,"hospitalcash,ayush",60,"Andhra Pradesh,Gujarat,Rajasthan,Tamil Nadu",individual,Gold,28012.88,34102.63,44150.73,10000,Senior Citizen Health
PL10151,New India Assurance Company,New India Assurance Company Critical Illness Plan,2100.0,0.0,0.0,2000000,273,1.14,criticalillness,90,"Uttar Pradesh,Gujarat,Bihar,Delhi,Kerala",individual,Gold,1995.0,2730.0,3780.0,0,Critical Illness
PL10152,Raheja QBE General Insurance,Raheja QBE General Insurance Individual Health Insurance Silver,18756.84,10000.0,5.0,509154,13433,5.34,"criticalillness,vision,telemedicine,ayush",180,"Punjab,Delhi,Kerala,Karnataka",individual,Silver,17256.29,21007.66,27197.42,50000,Individual Health Insurance
PL10153,Raheja QBE General Insurance,Raheja QBE General Insurance Family Floater Bronze,12124.15,0.0,10.0,206833,9967,6.52,ayush,90,"Punjab,Bihar,Telangana,Delhi",family_floater,Bronze,11154.22,13579.05,17580.02,10000,Family Floater
PL10154,Raheja QBE General Insurance,Raheja QBE General Insurance Senior Citizen Health Gold,25438.23,5000.0,10.0,1058876,3942,1.79,"ayush,dental,vision",30,"Punjab,Uttar Pradesh,Bihar,Maharashtra",individual,Gold,23403.17,28490.82,36885.43,25000,Senior Citizen Health
PL10155,Reliance General Insurance,Reliance General Insurance Individual Health Insurance Gold,23386.5,0.0,10.0,1042539,12192,1.65,"roomrentwaiver,hospitalcash,criticalillness,dental",30,"Andhra Pradesh,Karnataka,Haryana,Punjab",individual,Gold,21515.58,26192.88,33910.42,25000,Individual Health Insurance
PL10156,Reliance General Insurance,Reliance General Insurance Family Floater Silver,20926.83,0.0,5.0,432989,10861,5.97,"hospitalcash,telemedicine,ayush,roomrentwaiver",180,"Andhra Pradesh,Karnataka,Odisha,Haryana",family_floater,Silver,19252.68,23438.05,30343.9,25000,Family Floater
PL10157,Reliance General Insurance,Reliance General Insurance Senior Citizen Health Platinum,43982.64,20000.0,0.0,5127745,12554,2.01,"opd,accident_cover,hospitalcash",30,"Gujarat,Maharashtra,Haryana,Bihar",individual,Platinum,40464.03,49260.56,63774.83,50000,Senior Citizen Health
PL10158,Reliance General Insurance,Reliance General Insurance Critical Illness Plan,525.0,0.0,0.0,500000,3160,2.64,criticalillness,365,"Delhi,Uttar Pradesh,Tamil Nadu,Andhra Pradesh,Rajasthan",individual,Gold,498.75,682.5,945.0,0,Critical Illness
PL10159,Care Health Insurance,Care Health Insurance Individual Health Insurance Bronze,8224.49,10000.0,0.0,177553,2325,4.48,"maternity,hospitalcash,criticalillness,telemedicine",30,"West Bengal,Andhra Pradesh,Punjab,Bihar",individual,Bronze,7566.53,9211.43,11925.51,5000,Individual Health Insurance
PL10160,Care Health Insurance,Care Health Insurance Family Floater Silver,18666.77,5000.0,15.0,490585,12530,5.31,"roomrentwaiver,dental,accident_cover",60,"Andhra Pradesh,Maharashtra,Bihar,Tamil Nadu",family_floater,Silver,17173.43,20906.78,27066.82,5000,Family Floater
PL10161,Care Health Insurance,Care Health Insurance Senior Citizen Health Bronze,7969.67,0.0,0.0,213157,592,1.52,dental,180,"Odisha,Punjab,Maharashtra,Kerala",individual,Bronze,7332.1,8926.03,11556.02,10000,Senior Citizen Health
PL10162,Care Health Insurance,Care Health Insurance Critical Illness Plan,5250.0,0.0,0.0,5000000,6257,1.69,criticalillness,180,"Gujarat,Bihar,Tamil Nadu,Odisha,Delhi",individual,Gold,4987.5,6825.0,9450.0,0,Critical Illness
PL10163,Royal Sundaram General Insurance,Royal Sundaram General Insurance Individual Health Insurance Silver,13201.1,0.0,5.0,523638,2347,2.81,ayush,60,"Gujarat,Karnataka,Bihar,West Bengal",individual,Silver,12145.01,14785.23,19141.6,5000,Individual Health Insurance
PL10164,Royal Sundaram General Insurance,Royal Sundaram General Insurance Family Floater Silver,23071.14,5000.0,15.0,481493,2234,5.34,dental,30,"Bihar,Delhi,Andhra Pradesh,Telangana",family_floater,Silver,21225.45,25839.68,33453.15,5000,Family Floater
PL10165,Royal Sundaram General Insurance,Royal Sundaram General Insurance Senior Citizen Health Silver,14144.45,10000.0,0.0,572303,2178,6.2,"hospitalcash,ayush,criticalillness,opd",180,"Haryana,Maharashtra,Kerala,Rajasthan",individual,Silver,13012.89,15841.78,20509.45,10000,Senior Citizen Health
PL10166,SBI General Insurance,SBI General Insurance Individual Health Insurance Silver,14291.81,10000.0,10.0,519890,2045,1.19,"vision,ayush,maternity",60,"Odisha,Karnataka,Haryana,Uttar Pradesh",individual,Silver,13148.47,16006.83,20723.12,50000,Individual Health Insurance
PL10167,SBI General Insurance,SBI General Insurance Family Floater Bronze,12118.14,5000.0,5.0,208608,5322,4.6,"telemedicine,accident_cover,criticalillness,maternity",30,"West Bengal,Rajasthan,Telangana,Tamil Nadu",family_floater,Bronze,11148.69,13572.32,17571.3,10000,Family Floater
PL10168,SBI General Insurance,SBI General Insurance Senior Citizen Health Silver,16019.03,10000.0,10.0,526699,6729,6.6,accident_cover,30,"Haryana,Punjab,Kerala,Gujarat",individual,Silver,14737.51,17941.31,23227.59,10000,Senior Citizen Health
PL10169,SBI General Insurance,SBI General Insurance Critical Illness Plan,2100.0,0.0,0.0,2000000,5146,4.03,criticalillness,90,"Rajasthan,Andhra Pradesh,Telangana,West Bengal,Kerala",individual,Gold,1995.0,2730.0,3780.0,0,Critical Illness
PL10170,Shriram General Insurance,Shriram General Insurance Individual Health Insurance Bronze,6533.21,10000.0,10.0,197217,2182,5.06,maternity,180,"Gujarat,Haryana,Andhra Pradesh,Delhi",individual,Bronze,6010.55,7317.2,9473.15,25000,Individual Health Insurance
PL10171,Shriram General Insurance,Shriram General Insurance Family Floater Bronze,11168.3,0.0,0.0,181095,1835,6.67,"accident_cover,roomrentwaiver,opd",30,"Punjab,Haryana,Bihar,Karnataka",family_floater,Bronze,10274.84,12508.5,16194.03,50000,Family Floater
PL10172,Shriram General Insurance,Shriram General Insurance Senior Citizen Health Bronze,7933.74,20000.0,5.0,178883,13181,1.01,"ayush,maternity",180,"Kerala,Rajasthan,Bihar,Gujarat",individual,Bronze,7299.04,8885.79,11503.92,10000,Senior Citizen Health
PL10173,Star Health and Allied Insurance,Star Health and Allied Insurance Individual Health Insurance Silver,14393.51,5000.0,10.0,438934,6216,0.68,criticalillness,90,"Gujarat,West Bengal,Punjab,Kerala",individual,Silver,13242.03,16120.73,20870.59,25000,Individual Health Insurance
PL10174,Star Health and Allied Insurance,Star Health and Allied Insurance Family Floater Bronze,10306.61,20000.0,5.0,185473,14383,4.56,"vision,accident_cover",30,"Tamil Nadu,Uttar Pradesh,Maharashtra,Andhra Pradesh",family_floater,Bronze,9482.08,11543.4,14944.58,50000,Family Floater
PL10175,Star Health and Allied Insurance,Star Health and Allied Insurance Senior Citizen Health Gold,28204.58,10000.0,5.0,772102,945,7.11,roomrentwaiver,180,"Karnataka,Haryana,Rajasthan,Andhra Pradesh",individual,Gold,25948.21,31589.13,40896.64,50000,Senior Citizen Health
PL10176,Star Health and Allied Insurance,Star Health and Allied Insurance Critical Illness Plan,1050.0,0.0,0.0,1000000,2798,5.05,criticalillness,90,"Rajasthan,Odisha,Telangana,Bihar,Delhi",individual,Gold,997.5,1365.0,1890.0,0,Critical Illness
PL10177,Tata AIG General Insurance,Tata AIG General Insurance Individual Health Insurance Bronze,6529.26,5000.0,0.0,225719,11071,3.5,"maternity,accident_cover,dental,vision",90,"Haryana,Bihar,Delhi,Telangana",individual,Bronze,6006.92,7312.77,9467.43,25000,Individual Health Insurance
PL10178,Tata AIG General Insurance,Tata AIG General Insurance Family Floater Silver,24240.98,0.0,0.0,649981,8659,6.16,"roomrentwaiver,vision,dental",90,"Haryana,Karnataka,Rajasthan,Uttar Pradesh",family_floater,Silver,22301.7,27149.9,35149.42,50000,Family Floater
PL10179,Tata AIG General Insurance,Tata AIG General Insurance Senior Citizen Health Silver,14610.44,20000.0,15.0,519559,899,5.43,"dental,ayush",180,"West Bengal,Rajasthan,Delhi,Uttar Pradesh",individual,Silver,13441.6,16363.69,21185.14,5000,Senior Citizen Health
PL10180,Tata AIG General Insurance,Tata AIG General Insurance Critical Illness Plan,5250.0,0.0,0.0,5000000,3567,5.74,criticalillness,180,"Odisha,West Bengal,Gujarat,Bihar,Rajasthan",individual,Gold,4987.5,6825.0,9450.0,0,Critical Illness
PL10181,The Oriental Insurance Company,The Oriental Insurance Company Individual Health Insurance Gold,28790.34,20000.0,15.0,1028802,8682,1.92,opd,60,"Maharashtra,Odisha,Rajasthan,Bihar",individual,Gold,26487.11,32245.18,41745.99,5000,Individual Health Insurance
PL10182,The Oriental Insurance Company,The Oriental Insurance Company Family Floater Bronze,11971.28,10000.0,5.0,191504,2297,7.92,telemedicine,90,"West Bengal,Bihar,Telangana,Andhra Pradesh",family_floater,Bronze,11013.58,13407.83,17358.36,5000,Family Floater
PL10183,The Oriental Insurance Company,The Oriental Insurance Company Senior Citizen Health Bronze,6189.06,5000.0,15.0,205583,8021,2.29,"vision,ayush,roomrentwaiver,criticalillness",30,"Uttar Pradesh,Haryana,Rajasthan,West Bengal",individual,Bronze,5693.94,6931.75,8974.14,10000,Senior Citizen Health
PL10184,The Oriental Insurance Company,The Oriental Insurance Company Critical Illness Plan,5250.0,0.0,0.0,5000000,3082,5.75,criticalillness,90,"West Bengal,Bihar,Kerala,Punjab,Uttar Pradesh",individual,Gold,4987.5,6825.0,9450.0,0,Critical Illness
PL10185,United India Insurance Company,United India Insurance Company Individual Health Insurance Silver,15572.0,5000.0,0.0,514410,8520,0.95,vision,90,"Haryana,Tamil Nadu,Telangana,Karnataka",individual,Silver,14326.24,17440.64,22579.4,10000,Individual Health Insurance
PL10186,United India Insurance Company,United India Insurance Company Family Floater Bronze,11811.32,0.0,10.0,197063,5664,5.71,accident_cover,180,"Karnataka,Telangana,Kerala,Tamil Nadu",family_floater,Bronze,10866.41,13228.68,17126.41,10000,Family Floater
PL10187,United India Insurance Company,United India Insurance Company Senior Citizen Health Silver,14224.66,5000.0,0.0,524344,2536,7.25,"maternity,opd,roomrentwaiver",60,"Karnataka,Telangana,Gujarat,Kerala",individual,Silver,13086.69,15931.62,20625.76,5000,Senior Citizen Health
PL10188,United India Insurance Company,United India Insurance Company Critical Illness Plan,525.0,0.0,0.0,500000,5710,0.62,criticalillness,90,"Odisha,Uttar Pradesh,Rajasthan,Delhi,Gujarat",individual,Gold,498.75,682.5,945.0,0,Critical Illness
PL10189,Universal Sompo General Insurance,Universal Sompo General Insurance Individual Health Insurance Gold,23361.6,5000.0,5.0,1137873,13925,0.54,maternity,60,"Punjab,Kerala,Maharashtra,Haryana",individual,Gold,21492.67,26164.99,33874.32,25000,Individual Health Insurance
PL10190,Universal Sompo General Insurance,Universal Sompo General Insurance Family Floater Bronze,11515.67,0.0,15.0,219564,13971,3.25,dental,60,"West Bengal,Gujarat,Rajasthan,Bihar",family_floater,Bronze,10594.42,12897.55,16697.72,25000,Family Floater
PL10191,Universal Sompo General Insurance,Universal Sompo General Insurance Senior Citizen Health Bronze,7256.88,20000.0,10.0,221722,13957,3.12,"telemedicine,maternity,accident_cover,vision",30,"Karnataka,West Bengal,Kerala,Haryana",individual,Bronze,6676.33,8127.71,10522.48,10000,Senior Citizen Health
PL10192,Kshema General Insurance,Kshema General Insurance Individual Health Insurance Gold,31701.09,0.0,15.0,1142559,11844,7.04,"roomrentwaiver,ayush,opd,telemedicine",90,"Uttar Pradesh,Gujarat,Andhra Pradesh,Odisha",individual,Gold,29165.0,35505.22,45966.58,25000,Individual Health Insurance
PL10193,Kshema General Insurance,Kshema General Insurance Family Floater Silver,21894.42,10000.0,15.0,485781,11564,1.12,"ayush,telemedicine",180,"Uttar Pradesh,Delhi,Bihar,Odisha",family_floater,Silver,20142.87,24521.75,31746.91,50000,Family Floater
PL10194,Kshema General Insurance,Kshema General Insurance Senior Citizen Health Bronze,6817.93,20000.0,5.0,190490,14180,2.86,"hospitalcash,telemedicine",60,"Punjab,Odisha,Telangana,Tamil Nadu",individual,Bronze,6272.5,7636.08,9886.0,5000,Senior Citizen Health
PL10195,Kshema General Insurance,Kshema General Insurance Critical Illness Plan,1050.0,0.0,0.0,1000000,818,5.31,criticalillness,365,"Tamil Nadu,Odisha,Uttar Pradesh,Gujarat,Rajasthan",individual,Gold,997.5,1365.0,1890.0,0,Critical Illness
PL10196,Galaxy Health Insurance,Galaxy Health Insurance Individual Health Insurance Silver,13679.12,0.0,5.0,436020,11597,1.15,maternity,60,"Delhi,Punjab,Haryana,Uttar Pradesh",individual,Silver,12584.79,15320.61,19834.72,10000,Individual Health Insurance
PL10197,Galaxy Health Insurance,Galaxy Health Insurance Family Floater Silver,24174.7,20000.0,10.0,421029,6447,2.78,"telemedicine,roomrentwaiver,dental",90,"Tamil Nadu,Andhra Pradesh,West Bengal,Odisha",family_floater,Silver,22240.72,27075.66,35053.32,5000,Family Floater
PL10198,Galaxy Health Insurance,Galaxy Health Insurance Senior Citizen Health Gold,30715.64,10000.0,15.0,1060712,3793,3.28,"opd,telemedicine",180,"Telangana,Odisha,Andhra Pradesh,Rajasthan",individual,Gold,28258.39,34401.52,44537.68,25000,Senior Citizen Health
PL10199,Galaxy Health Insurance,Galaxy Health Insurance Critical Illness Plan,1050.0,0.0,0.0,1000000,1192,1.97,criticalillness,180,"Delhi,Karnataka,West Bengal,Punjab,Tamil Nadu",individual,Gold,997.5,1365.0,1890.0,0,Critical Illness
PL10200,Bandhan General Insurance,Bandhan General Insurance Individual Health Insurance Gold,26629.37,10000.0,5.0,1085575,8534,0.8,dental,180,"Rajasthan,Maharashtra,Odisha,West Bengal",individual,Gold,24499.02,29824.89,38612.59,10000,Individual Health Insurance
PL10201,Bandhan General Insurance,Bandhan General Insurance Family Floater Bronze,11839.95,10000.0,5.0,210599,1703,3.55,"accident_cover,vision,opd",30,"Tamil Nadu,Rajasthan,Haryana,Maharashtra",family_floater,Bronze,10892.75,13260.74,17167.93,25000,Family Floater
PL10202,Bandhan General Insurance,Bandhan General Insurance Senior Citizen Health Bronze,7684.68,10000.0,10.0,243263,3677,7.88,"roomrentwaiver,criticalillness,dental",90,"Punjab,Gujarat,Kerala,Uttar Pradesh",individual,Bronze,7069.91,8606.84,11142.79,5000,Senior Citizen Health
PL10203,Ayushman Bharat,Ayushman Bharat - PMJAY package,0.0,0.0,0.0,500000,50000,1.54,"pmjay_package,govt_empanelled",0,Pan-India,family_floater,Government,0.0,0.0,0.0,0,Government Scheme - PMJAY
