user_id,income_band,avg_annual_spend,occupation
U0001,10-20L,180749,retired
U0002,3-6L,67583,homemaker
U0003,3-6L,91337,student
U0004,10-20L,89397,student
U0005,6-10L,54119,retired
U0006,>20L,20093,self-employed
U0007,3-6L,67005,retired
U0008,6-10L,75187,self-employed
U0009,10-20L,170463,retired
U0010,<3L,76326,student
U0011,>20L,51111,retired
U0012,>20L,16995,retired
U0013,>20L,19795,student
U0014,3-6L,95106,self-employed
U0015,6-10L,97480,self-employed
U0016,<3L,90312,student
U0017,3-6L,67789,retired
U0018,10-20L,45567,student
U0019,>20L,56259,retired
U0020,<3L,113202,retired
U0021,<3L,117175,self-employed
U0022,>20L,21516,retired
U0023,6-10L,68697,retired
U0024,10-20L,105009,self-employed
U0025,<3L,35108,self-employed
U0026,6-10L,76949,homemaker
U0027,6-10L,41835,salaried
U0028,6-10L,56081,self-employed
U0029,3-6L,63761,self-employed
U0030,3-6L,36881,salaried
U0031,10-20L,147898,retired
U0032,3-6L,20675,self-employed
U0033,<3L,87676,retired
U0034,<3L,90783,retired
U0035,10-20L,25834,student
U0036,3-6L,74692,self-employed
U0037,>20L,65785,retired
U0038,>20L,58472,retired
U0039,6-10L,33480,salaried
U0040,3-6L,15310,retired
U0041,<3L,76402,homemaker
U0042,10-20L,110354,homemaker
U0043,>20L,103027,homemaker
U0044,10-20L,81707,homemaker
U0045,>20L,98386,student
U0046,3-6L,29727,homemaker
U0047,>20L,21019,self-employed
U0048,6-10L,35800,retired
U0049,<3L,75938,student
U0050,10-20L,106935,homemaker
U0051,3-6L,90316,salaried
U0052,>20L,157575,student
U0053,3-6L,123074,retired
U0054,10-20L,116929,homemaker
U0055,3-6L,61358,homemaker
U0056,3-6L,80089,retired
U0057,3-6L,56437,salaried
U0058,>20L,94206,student
U0059,3-6L,127354,self-employed
U0060,10-20L,110013,student
U0061,>20L,67482,retired
U0062,>20L,44515,self-employed
U0063,<3L,22299,self-employed
U0064,10-20L,71549,salaried
U0065,10-20L,34094,retired
U0066,10-20L,65145,student
U0067,3-6L,13535,student
U0068,>20L,16809,salaried
U0069,10-20L,42184,salaried
U0070,<3L,41848,student
U0071,6-10L,119789,homemaker
U0072,<3L,102675,self-employed
U0073,>20L,82739,salaried
U0074,10-20L,46156,self-employed
U0075,>20L,15265,student
U0076,3-6L,66205,self-employed
U0077,>20L,107423,salaried
U0078,<3L,27957,salaried
U0079,6-10L,53353,homemaker
U0080,>20L,115326,retired
U0081,10-20L,14923,salaried
U0082,<3L,93130,salaried
U0083,<3L,153281,salaried
U0084,<3L,57767,homemaker
U0085,10-20L,64873,salaried
U0086,10-20L,72641,salaried
U0087,3-6L,17570,retired
U0088,6-10L,11190,self-employed
U0089,6-10L,50899,self-employed
U0090,10-20L,73298,self-employed
U0091,3-6L,55832,student
U0092,10-20L,87621,salaried
U0093,6-10L,11626,homemaker
U0094,6-10L,120878,retired
U0095,>20L,57308,salaried
U0096,<3L,69083,student
U0097,10-20L,88867,salaried
U0098,<3L,38134,retired
U0099,>20L,99793,student
U0100,10-20L,122224,student
U0101,10-20L,32875,salaried
U0102,10-20L,95924,self-employed
U0103,<3L,48400,homemaker
U0104,<3L,105817,salaried
U0105,6-10L,68801,homemaker
U0106,6-10L,6515,self-employed
U0107,6-10L,37157,student
U0108,6-10L,18373,salaried
U0109,6-10L,123118,salaried
U0110,10-20L,5031,self-employed
U0111,10-20L,27513,retired
U0112,6-10L,44727,student
U0113,6-10L,55798,student
U0114,>20L,27361,retired
U0115,<3L,33746,student
U0116,3-6L,138455,salaried
U0117,6-10L,43237,retired
U0118,10-20L,12177,retired
U0119,<3L,81921,student
U0120,10-20L,21513,retired
U0121,<3L,48938,homemaker
U0122,3-6L,44597,self-employed
U0123,3-6L,17802,retired
U0124,<3L,37579,self-employed
U0125,>20L,94586,salaried
U0126,<3L,132844,student
U0127,6-10L,72836,homemaker
U0128,6-10L,26241,student
U0129,6-10L,37707,student
U0130,10-20L,80468,self-employed
U0131,>20L,91823,salaried
U0132,3-6L,68476,homemaker
U0133,>20L,119275,retired
U0134,<3L,24483,salaried
U0135,<3L,10105,self-employed
U0136,10-20L,22011,retired
U0137,3-6L,54171,salaried
U0138,>20L,77833,homemaker
U0139,>20L,65864,salaried
U0140,<3L,70384,retired
U0141,>20L,41880,salaried
U0142,3-6L,47193,retired
U0143,6-10L,145846,retired
U0144,<3L,81494,self-employed
U0145,10-20L,107392,homemaker
U0146,6-10L,86948,retired
U0147,6-10L,92898,student
U0148,6-10L,12434,retired
U0149,6-10L,90864,self-employed
U0150,10-20L,73076,salaried
U0151,10-20L,43595,homemaker
U0152,6-10L,42359,self-employed
U0153,3-6L,100119,retired
U0154,>20L,83376,self-employed
U0155,3-6L,74223,salaried
U0156,3-6L,110658,self-employed
U0157,10-20L,82376,salaried
U0158,<3L,50548,retired
U0159,>20L,33862,student
U0160,6-10L,115159,self-employed
U0161,>20L,66664,salaried
U0162,>20L,96003,retired
U0163,3-6L,80117,self-employed
U0164,6-10L,92479,homemaker
U0165,>20L,7777,homemaker
U0166,3-6L,61487,homemaker
U0167,6-10L,20629,retired
U0168,<3L,33094,student
U0169,<3L,15669,retired
U0170,>20L,118783,retired
U0171,<3L,54968,student
U0172,>20L,9468,homemaker
U0173,10-20L,21858,self-employed
U0174,<3L,46383,retired
U0175,3-6L,36869,student
U0176,6-10L,38816,self-employed
U0177,10-20L,82265,self-employed
U0178,10-20L,6905,student
U0179,3-6L,23078,self-employed
U0180,>20L,14855,student
U0181,>20L,76924,retired
U0182,3-6L,80106,homemaker
U0183,<3L,35224,retired
U0184,<3L,95305,retired
U0185,>20L,54811,student
U0186,3-6L,79242,student
U0187,>20L,18471,homemaker
U0188,6-10L,25051,homemaker
U0189,6-10L,116789,retired
U0190,3-6L,95009,salaried
U0191,>20L,79863,homemaker
U0192,3-6L,163208,self-employed
U0193,<3L,45451,retired
U0194,>20L,113491,homemaker
U0195,<3L,67549,salaried
U0196,6-10L,10701,salaried
U0197,6-10L,140814,salaried
U0198,3-6L,17900,homemaker
U0199,3-6L,86456,student
U0200,6-10L,72751,retired
U0201,<3L,75773,student
U0202,3-6L,22327,self-employed
U0203,>20L,58352,salaried
U0204,10-20L,88249,homemaker
U0205,6-10L,65421,student
U0206,<3L,89647,self-employed
U0207,<3L,76853,retired
U0208,<3L,16723,retired
U0209,>20L,47176,retired
U0210,>20L,35261,salaried
U0211,10-20L,30663,self-employed
U0212,10-20L,72445,student
U0213,>20L,67839,retired
U0214,6-10L,50359,self-employed
U0215,10-20L,90578,self-employed
U0216,3-6L,110918,homemaker
U0217,6-10L,5124,homemaker
U0218,3-6L,16682,homemaker
U0219,3-6L,109234,retired
U0220,3-6L,91763,retired
U0221,3-6L,60614,student
U0222,<3L,75877,retired
U0223,10-20L,84732,self-employed
U0224,<3L,7850,self-employed
U0225,3-6L,55613,student
U0226,<3L,111524,self-employed
U0227,<3L,78476,homemaker
U0228,<3L,75885,self-employed
U0229,10-20L,125251,student
U0230,6-10L,98270,student
U0231,3-6L,67215,salaried
U0232,6-10L,68585,student
U0233,3-6L,80771,self-employed
U0234,3-6L,114263,student
U0235,>20L,26895,self-employed
U0236,6-10L,148184,homemaker
U0237,<3L,28494,student
U0238,<3L,74386,homemaker
U0239,10-20L,82101,self-employed
U0240,6-10L,85575,student
U0241,>20L,45288,salaried
U0242,6-10L,57047,homemaker
U0243,6-10L,76862,self-employed
U0244,10-20L,56124,salaried
U0245,10-20L,47904,student
U0246,3-6L,98165,salaried
U0247,3-6L,28127,salaried
U0248,>20L,69911,salaried
U0249,>20L,94588,student
U0250,6-10L,38489,salaried
U0251,>20L,136051,retired
U0252,6-10L,95601,self-employed
U0253,6-10L,80895,homemaker
U0254,10-20L,8048,salaried
U0255,>20L,33832,retired
U0256,3-6L,78981,retired
U0257,3-6L,51415,retired
U0258,3-6L,24403,salaried
U0259,3-6L,32384,student
U0260,3-6L,109513,self-employed
U0261,6-10L,17855,homemaker
U0262,<3L,76139,retired
U0263,10-20L,60932,student
U0264,6-10L,65592,salaried
U0265,3-6L,105038,self-employed
U0266,3-6L,72634,self-employed
U0267,3-6L,56015,self-employed
U0268,10-20L,19806,self-employed
U0269,3-6L,88586,salaried
U0270,>20L,10706,homemaker
U0271,<3L,91658,homemaker
U0272,3-6L,30139,student
U0273,<3L,13606,retired
U0274,<3L,144296,student
U0275,>20L,6483,salaried
U0276,<3L,87553,self-employed
U0277,10-20L,21122,retired
U0278,10-20L,16991,self-employed
U0279,<3L,59276,retired
U0280,3-6L,52871,self-employed
U0281,6-10L,54397,self-employed
U0282,10-20L,17039,student
U0283,<3L,15826,self-employed
U0284,10-20L,98871,salaried
U0285,>20L,59266,salaried
U0286,>20L,54808,homemaker
U0287,<3L,75374,salaried
U0288,<3L,9604,salaried
U0289,10-20L,57955,retired
U0290,<3L,59920,self-employed
U0291,6-10L,122791,salaried
U0292,>20L,80354,retired
U0293,<3L,41462,salaried
U0294,10-20L,89625,retired
U0295,10-20L,31614,retired
U0296,10-20L,33896,salaried
U0297,10-20L,78424,retired
U0298,>20L,77203,student
U0299,10-20L,80754,self-employed
U0300,3-6L,21145,self-employed
U0301,>20L,73743,retired
U0302,10-20L,117116,retired
U0303,3-6L,76814,salaried
U0304,10-20L,109102,student
U0305,10-20L,73554,self-employed
U0306,<3L,67309,retired
U0307,>20L,32886,homemaker
U0308,3-6L,10351,salaried
U0309,<3L,89600,salaried
U0310,10-20L,65079,self-employed
U0311,<3L,75344,retired
U0312,6-10L,91787,homemaker
U0313,6-10L,144079,self-employed
U0314,6-10L,80982,student
U0315,3-6L,47238,self-employed
U0316,3-6L,35596,self-employed
U0317,<3L,25881,student
U0318,<3L,30375,salaried
U0319,6-10L,53058,salaried
U0320,<3L,78964,salaried
U0321,>20L,40290,homemaker
U0322,3-6L,49851,student
U0323,3-6L,43004,self-employed
U0324,6-10L,88652,salaried
U0325,<3L,58439,homemaker
U0326,>20L,110678,student
U0327,6-10L,96122,retired
U0328,10-20L,56096,self-employed
U0329,>20L,7708,salaried
U0330,10-20L,36860,homemaker
U0331,>20L,112211,salaried
U0332,>20L,9139,self-employed
U0333,6-10L,26429,retired
U0334,3-6L,8954,student
U0335,3-6L,82966,student
U0336,6-10L,69626,student
U0337,>20L,29957,student
U0338,6-10L,87368,self-employed
U0339,>20L,80925,homemaker
U0340,6-10L,47037,student
U0341,6-10L,133350,retired
U0342,10-20L,15097,student
U0343,6-10L,77245,retired
U0344,10-20L,116304,homemaker
U0345,6-10L,60193,homemaker
U0346,10-20L,42766,self-employed
U0347,>20L,81736,self-employed
U0348,>20L,14046,student
U0349,10-20L,102644,student
U0350,>20L,140024,student
U0351,>20L,65333,self-employed
U0352,>20L,20939,homemaker
U0353,>20L,76532,salaried
U0354,3-6L,12446,homemaker
U0355,10-20L,34883,self-employed
U0356,3-6L,28658,retired
U0357,10-20L,94374,salaried
U0358,6-10L,24641,homemaker
U0359,>20L,110826,salaried
U0360,3-6L,108244,salaried
U0361,6-10L,11182,retired
U0362,>20L,19385,homemaker
U0363,>20L,40365,retired
U0364,<3L,19538,retired
U0365,6-10L,6572,self-employed
U0366,10-20L,147002,retired
U0367,3-6L,130787,homemaker
U0368,6-10L,33714,retired
U0369,<3L,69176,student
U0370,10-20L,102794,homemaker
U0371,<3L,14021,salaried
U0372,<3L,108739,student
U0373,6-10L,8793,retired
U0374,<3L,124424,student
U0375,10-20L,92269,self-employed
U0376,>20L,53736,student
U0377,10-20L,125307,retired
U0378,3-6L,30076,retired
U0379,<3L,17186,salaried
U0380,10-20L,52134,self-employed
U0381,6-10L,110483,student
U0382,6-10L,26768,salaried
U0383,>20L,72411,student
U0384,10-20L,95056,self-employed
U0385,<3L,27391,student
U0386,3-6L,93729,student
U0387,10-20L,12232,salaried
U0388,10-20L,23821,retired
U0389,10-20L,80513,student
U0390,>20L,86891,homemaker
U0391,10-20L,83800,self-employed
U0392,<3L,61510,salaried
U0393,10-20L,57299,homemaker
U0394,<3L,55760,homemaker
U0395,3-6L,10633,salaried
U0396,<3L,46767,student
U0397,<3L,51566,homemaker
U0398,>20L,157793,student
U0399,3-6L,20079,salaried
U0400,>20L,108859,homemaker
U0401,>20L,115911,student
U0402,10-20L,29212,retired
U0403,>20L,67037,salaried
U0404,>20L,105712,salaried
U0405,>20L,26159,salaried
U0406,10-20L,30956,student
U0407,3-6L,82646,student
U0408,6-10L,74705,student
U0409,10-20L,111339,salaried
U0410,3-6L,92951,retired
U0411,10-20L,65746,retired
U0412,6-10L,60486,student
U0413,6-10L,122332,salaried
U0414,10-20L,67314,salaried
U0415,6-10L,88631,homemaker
U0416,6-10L,84831,homemaker
U0417,6-10L,79771,retired
U0418,6-10L,72361,salaried
U0419,10-20L,53936,salaried
U0420,>20L,76308,self-employed
U0421,>20L,72403,student
U0422,3-6L,12680,retired
U0423,>20L,64845,retired
U0424,>20L,33148,salaried
U0425,>20L,50636,self-employed
U0426,10-20L,44870,salaried
U0427,<3L,110508,homemaker
U0428,3-6L,71085,salaried
U0429,3-6L,5696,salaried
U0430,10-20L,88347,homemaker
U0431,<3L,130342,student
U0432,>20L,26936,student
U0433,>20L,81933,homemaker
U0434,10-20L,22363,retired
U0435,10-20L,102632,retired
U0436,<3L,24554,retired
U0437,6-10L,95163,retired
U0438,10-20L,87923,retired
U0439,10-20L,78015,retired
U0440,<3L,100691,salaried
U0441,3-6L,70270,self-employed
U0442,6-10L,80670,student
U0443,3-6L,43179,salaried
U0444,>20L,82192,salaried
U0445,10-20L,78586,retired
U0446,6-10L,35180,retired
U0447,6-10L,49662,retired
U0448,10-20L,12528,student
U0449,3-6L,23318,self-employed
U0450,<3L,36568,self-employed
U0451,>20L,8602,self-employed
U0452,6-10L,42288,retired
U0453,>20L,102903,self-employed
U0454,<3L,40734,salaried
U0455,<3L,119262,self-employed
U0456,>20L,115090,self-employed
U0457,>20L,82762,salaried
U0458,<3L,111141,self-employed
U0459,10-20L,30250,retired
U0460,6-10L,126256,homemaker
U0461,6-10L,113326,homemaker
U0462,>20L,37971,homemaker
U0463,3-6L,46652,student
U0464,>20L,8006,self-employed
U0465,6-10L,100271,salaried
U0466,3-6L,25442,self-employed
U0467,3-6L,115827,student
U0468,<3L,23047,self-employed
U0469,6-10L,14231,salaried
U0470,10-20L,114444,self-employed
U0471,3-6L,55988,salaried
U0472,10-20L,81375,homemaker
U0473,6-10L,19582,salaried
U0474,10-20L,145051,self-employed
U0475,<3L,5655,salaried
U0476,>20L,70206,retired
U0477,>20L,86756,retired
U0478,10-20L,6225,retired
U0479,3-6L,46911,retired
U0480,>20L,28735,salaried
U0481,6-10L,50086,student
U0482,6-10L,61573,salaried
U0483,>20L,7775,homemaker
U0484,10-20L,49974,salaried
U0485,<3L,74511,homemaker
U0486,10-20L,84089,self-employed
U0487,>20L,35905,salaried
U0488,6-10L,108229,salaried
U0489,>20L,9264,homemaker
U0490,10-20L,78743,salaried
U0491,10-20L,28305,salaried
U0492,3-6L,144549,homemaker
U0493,<3L,34471,homemaker
U0494,>20L,69986,student
U0495,10-20L,116458,salaried
U0496,6-10L,28147,self-employed
U0497,10-20L,93363,retired
U0498,10-20L,24038,student
U0499,<3L,24399,homemaker
U0500,3-6L,78348,self-employed
