planid,plan_name,provider,claimrejectionrate,networksize
PL10000,Life Insurance Corporation of India (LIC) Pure Term Plan,Life Insurance Corporation of India (LIC),1.23,0
PL10001,Life Insurance Corporation of India (LIC) Return of Premium (TROP),Life Insurance Corporation of India (LIC),0.31,0
PL10002,Life Insurance Corporation of India (LIC) Convertible Term Plan,Life Insurance Corporation of India (LIC),1.36,0
PL10003,HDFC Life Insurance Pure Term Plan,HDFC Life Insurance,0.19,0
PL10004,HDFC Life Insurance Return of Premium (TROP),HDFC Life Insurance,0.18,0
PL10005,HDFC Life Insurance Convertible Term Plan,HDFC Life Insurance,1.04,0
PL10006,Axis Max Life Insurance Pure Term Plan,Axis Max Life Insurance,0.74,0
PL10007,Axis Max Life Insurance Return of Premium (TROP),Axis Max Life Insurance,1.06,0
PL10008,Axis Max Life Insurance Convertible Term Plan,Axis Max Life Insurance,0.51,0
PL10009,ICICI Prudential Life Insurance Pure Term Plan,ICICI Prudential Life Insurance,0.57,0
PL10010,ICICI Prudential Life Insurance Return of Premium (TROP),ICICI Prudential Life Insurance,0.17,0
PL10011,ICICI Prudential Life Insurance Convertible Term Plan,ICICI Prudential Life Insurance,1.31,0
PL10012,Kotak Mahindra Life Insurance Pure Term Plan,Kotak Mahindra Life Insurance,0.11,0
PL10013,Kotak Mahindra Life Insurance Return of Premium (TROP),Kotak Mahindra Life Insurance,1.33,0
PL10014,Kotak Mahindra Life Insurance Convertible Term Plan,Kotak Mahindra Life Insurance,1.37,0
PL10015,Aditya Birla Sun Life Insurance Pure Term Plan,Aditya Birla Sun Life Insurance,1.14,0
PL10016,Aditya Birla Sun Life Insurance Return of Premium (TROP),Aditya Birla Sun Life Insurance,0.61,0
PL10017,Aditya Birla Sun Life Insurance Convertible Term Plan,Aditya Birla Sun Life Insurance,0.11,0
PL10018,TATA AIA Life Insurance Pure Term Plan,TATA AIA Life Insurance,0.23,0
PL10019,TATA AIA Life Insurance Return of Premium (TROP),TATA AIA Life Insurance,0.72,0
PL10020,TATA AIA Life Insurance Convertible Term Plan,TATA AIA Life Insurance,1.13,0
PL10021,SBI Life Insurance Pure Term Plan,SBI Life Insurance,0.49,0
PL10022,SBI Life Insurance Return of Premium (TROP),SBI Life Insurance,1.44,0
PL10023,SBI Life Insurance Convertible Term Plan,SBI Life Insurance,1.41,0
PL10024,Bajaj Allianz Life Insurance Pure Term Plan,Bajaj Allianz Life Insurance,1.05,0
PL10025,Bajaj Allianz Life Insurance Return of Premium (TROP),Bajaj Allianz Life Insurance,0.97,0
PL10026,Bajaj Allianz Life Insurance Convertible Term Plan,Bajaj Allianz Life Insurance,0.87,0
PL10027,PNB MetLife India Insurance Pure Term Plan,PNB MetLife India Insurance,0.56,0
PL10028,PNB MetLife India Insurance Return of Premium (TROP),PNB MetLife India Insurance,1.04,0
PL10029,PNB MetLife India Insurance Convertible Term Plan,PNB MetLife India Insurance,1.08,0
PL10030,Reliance Nippon Life Insurance Pure Term Plan,Reliance Nippon Life Insurance,0.47,0
PL10031,Reliance Nippon Life Insurance Return of Premium (TROP),Reliance Nippon Life Insurance,0.23,0
PL10032,Reliance Nippon Life Insurance Convertible Term Plan,Reliance Nippon Life Insurance,0.56,0
PL10033,Aviva Life Insurance India Pure Term Plan,Aviva Life Insurance India,0.39,0
PL10034,Aviva Life Insurance India Return of Premium (TROP),Aviva Life Insurance India,1.19,0
PL10035,Aviva Life Insurance India Convertible Term Plan,Aviva Life Insurance India,1.44,0
PL10036,Sahara India Life Insurance Pure Term Plan,Sahara India Life Insurance,0.73,0
PL10037,Sahara India Life Insurance Return of Premium (TROP),Sahara India Life Insurance,0.98,0
PL10038,Sahara India Life Insurance Convertible Term Plan,Sahara India Life Insurance,0.3,0
PL10039,Shriram Life Insurance Pure Term Plan,Shriram Life Insurance,1.28,0
PL10040,Shriram Life Insurance Return of Premium (TROP),Shriram Life Insurance,0.27,0
PL10041,Shriram Life Insurance Convertible Term Plan,Shriram Life Insurance,1.23,0
PL10042,Bharti AXA Life Insurance Pure Term Plan,Bharti AXA Life Insurance,1.01,0
PL10043,Bharti AXA Life Insurance Return of Premium (TROP),Bharti AXA Life Insurance,0.66,0
PL10044,Bharti AXA Life Insurance Convertible Term Plan,Bharti AXA Life Insurance,1.44,0
PL10045,Future Generali India Life Insurance Pure Term Plan,Future Generali India Life Insurance,0.78,0
PL10046,Future Generali India Life Insurance Return of Premium (TROP),Future Generali India Life Insurance,0.31,0
PL10047,Future Generali India Life Insurance Convertible Term Plan,Future Generali India Life Insurance,0.61,0
PL10048,Ageas Federal Life Insurance Pure Term Plan,Ageas Federal Life Insurance,0.39,0
PL10049,Ageas Federal Life Insurance Return of Premium (TROP),Ageas Federal Life Insurance,0.16,0
PL10050,Ageas Federal Life Insurance Convertible Term Plan,Ageas Federal Life Insurance,1.32,0
PL10051,Canara HSBC Life Insurance Pure Term Plan,Canara HSBC Life Insurance,0.67,0
PL10052,Canara HSBC Life Insurance Return of Premium (TROP),Canara HSBC Life Insurance,0.91,0
PL10053,Canara HSBC Life Insurance Convertible Term Plan,Canara HSBC Life Insurance,0.97,0
PL10054,Bandhan Life Insurance Pure Term Plan,Bandhan Life Insurance,0.16,0
PL10055,Bandhan Life Insurance Return of Premium (TROP),Bandhan Life Insurance,0.22,0
PL10056,Bandhan Life Insurance Convertible Term Plan,Bandhan Life Insurance,0.31,0
PL10057,Pramerica Life Insurance Pure Term Plan,Pramerica Life Insurance,0.26,0
PL10058,Pramerica Life Insurance Return of Premium (TROP),Pramerica Life Insurance,0.5,0
PL10059,Pramerica Life Insurance Convertible Term Plan,Pramerica Life Insurance,1.49,0
PL10060,Star Union Dai-ichi Life Insurance Pure Term Plan,Star Union Dai-ichi Life Insurance,1.2,0
PL10061,Star Union Dai-ichi Life Insurance Return of Premium (TROP),Star Union Dai-ichi Life Insurance,0.84,0
PL10062,Star Union Dai-ichi Life Insurance Convertible Term Plan,Star Union Dai-ichi Life Insurance,0.8,0
PL10063,IndiaFirst Life Insurance Pure Term Plan,IndiaFirst Life Insurance,0.73,0
PL10064,IndiaFirst Life Insurance Return of Premium (TROP),IndiaFirst Life Insurance,1.09,0
PL10065,IndiaFirst Life Insurance Convertible Term Plan,IndiaFirst Life Insurance,0.13,0
PL10066,Edelweiss Life Insurance Pure Term Plan,Edelweiss Life Insurance,0.39,0
PL10067,Edelweiss Life Insurance Return of Premium (TROP),Edelweiss Life Insurance,0.29,0
PL10068,Edelweiss Life Insurance Convertible Term Plan,Edelweiss Life Insurance,0.91,0
PL10069,Credit Access Life Insurance Pure Term Plan,Credit Access Life Insurance,0.33,0
PL10070,Credit Access Life Insurance Return of Premium (TROP),Credit Access Life Insurance,1.27,0
PL10071,Credit Access Life Insurance Convertible Term Plan,Credit Access Life Insurance,1.38,0
PL10072,ACKO Life Insurance Pure Term Plan,ACKO Life Insurance,0.11,0
PL10073,ACKO Life Insurance Return of Premium (TROP),ACKO Life Insurance,1.34,0
PL10074,ACKO Life Insurance Convertible Term Plan,ACKO Life Insurance,1.02,0
PL10075,Go Digit Life Insurance Pure Term Plan,Go Digit Life Insurance,0.83,0
PL10076,Go Digit Life Insurance Return of Premium (TROP),Go Digit Life Insurance,0.14,0
PL10077,Go Digit Life Insurance Convertible Term Plan,Go Digit Life Insurance,0.94,0
PL10078,Acko General Insurance Individual Health Insurance Bronze,Acko General Insurance,6.47,731
PL10079,Acko General Insurance Family Floater Gold,Acko General Insurance,3.56,14301
PL10080,Acko General Insurance Senior Citizen Health Silver,Acko General Insurance,6.7,3462
PL10081,Aditya Birla Health Insurance Individual Health Insurance Gold,Aditya Birla Health Insurance,4.95,14148
PL10082,Aditya Birla Health Insurance Family Floater Silver,Aditya Birla Health Insurance,6.91,14513
PL10083,Aditya Birla Health Insurance Senior Citizen Health Bronze,Aditya Birla Health Insurance,7.68,14456
PL10084,Aditya Birla Health Insurance Critical Illness Plan,Aditya Birla Health Insurance,5.16,6784
PL10085,Agriculture Insurance Company of India Individual Health Insurance Silver,Agriculture Insurance Company of India,1.47,8086
PL10086,Agriculture Insurance Company of India Family Floater Bronze,Agriculture Insurance Company of India,4.09,9577
PL10087,Agriculture Insurance Company of India Senior Citizen Health Bronze,Agriculture Insurance Company of India,6.1,8678
PL10088,Agriculture Insurance Company of India Critical Illness Plan,Agriculture Insurance Company of India,0.52,7015
PL10089,Bajaj Allianz General Insurance Individual Health Insurance Gold,Bajaj Allianz General Insurance,2.91,13320
PL10090,Bajaj Allianz General Insurance Family Floater Silver,Bajaj Allianz General Insurance,6.26,8995
PL10091,Bajaj Allianz General Insurance Senior Citizen Health Bronze,Bajaj Allianz General Insurance,3.2,10016
PL10092,Cholamandalam MS General Insurance Individual Health Insurance Gold,Cholamandalam MS General Insurance,2.93,7250
PL10093,Cholamandalam MS General Insurance Family Floater Gold,Cholamandalam MS General Insurance,6.97,12739
PL10094,Cholamandalam MS General Insurance Senior Citizen Health Bronze,Cholamandalam MS General Insurance,3.32,4588
PL10095,Cholamandalam MS General Insurance Critical Illness Plan,Cholamandalam MS General Insurance,1.91,3489
PL10096,Manipal Cigna Health Insurance Individual Health Insurance Bronze,Manipal Cigna Health Insurance,7.78,7382
PL10097,Manipal Cigna Health Insurance Family Floater Bronze,Manipal Cigna Health Insurance,0.86,12311
PL10098,Manipal Cigna Health Insurance Senior Citizen Health Bronze,Manipal Cigna Health Insurance,3.94,6384
PL10099,Manipal Cigna Health Insurance Critical Illness Plan,Manipal Cigna Health Insurance,3.02,6859
PL10100,Navi General Insurance Individual Health Insurance Gold,Navi General Insurance,5.88,8319
PL10101,Navi General Insurance Family Floater Silver,Navi General Insurance,5.74,9386
PL10102,Navi General Insurance Senior Citizen Health Bronze,Navi General Insurance,3.4,12223
PL10103,Navi General Insurance Critical Illness Plan,Navi General Insurance,3.42,3547
PL10104,Go Digit Insurance Individual Health Insurance Bronze,Go Digit Insurance,4.88,8427
PL10105,Go Digit Insurance Family Floater Silver,Go Digit Insurance,6.1,5914
PL10106,Go Digit Insurance Senior Citizen Health Bronze,Go Digit Insurance,2.79,11505
PL10107,Go Digit Insurance Critical Illness Plan,Go Digit Insurance,3.13,7528
PL10108,Zuno General Insurance Individual Health Insurance Gold,Zuno General Insurance,7.75,14038
PL10109,Zuno General Insurance Family Floater Bronze,Zuno General Insurance,4.44,5824
PL10110,Zuno General Insurance Senior Citizen Health Silver,Zuno General Insurance,5.09,13964
PL10111,ECGC Limited Individual Health Insurance Bronze,ECGC Limited,2.2,6707
PL10112,ECGC Limited Family Floater Gold,ECGC Limited,1.88,8007
PL10113,ECGC Limited Senior Citizen Health Silver,ECGC Limited,1.69,1838
PL10114,ECGC Limited Critical Illness Plan,ECGC Limited,5.01,2139
PL10115,Future Generali India Insurance Individual Health Insurance Bronze,Future Generali India Insurance,4.32,2491
PL10116,Future Generali India Insurance Family Floater Bronze,Future Generali India Insurance,3.21,3231
PL10117,Future Generali India Insurance Senior Citizen Health Silver,Future Generali India Insurance,5.78,1968
PL10118,Future Generali India Insurance Critical Illness Plan,Future Generali India Insurance,3.14,7472
PL10119,HDFC ERGO General Insurance Individual Health Insurance Gold,HDFC ERGO General Insurance,6.81,11184
PL10120,HDFC ERGO General Insurance Family Floater Bronze,HDFC ERGO General Insurance,6.2,14040
PL10121,HDFC ERGO General Insurance Senior Citizen Health Silver,HDFC ERGO General Insurance,1.17,9971
PL10122,HDFC ERGO General Insurance Critical Illness Plan,HDFC ERGO General Insurance,5.66,6402
PL10123,ICICI Lombard General Insurance Individual Health Insurance Bronze,ICICI Lombard General Insurance,6.96,6304
PL10124,ICICI Lombard General Insurance Family Floater Silver,ICICI Lombard General Insurance,2.68,4623
PL10125,ICICI Lombard General Insurance Senior Citizen Health Silver,ICICI Lombard General Insurance,3.64,8085
PL10126,IFFCO TOKIO General Insurance Individual Health Insurance Silver,IFFCO TOKIO General Insurance,1.69,10664
PL10127,IFFCO TOKIO General Insurance Family Floater Silver,IFFCO TOKIO General Insurance,3.51,2734
PL10128,IFFCO TOKIO General Insurance Senior Citizen Health Silver,IFFCO TOKIO General Insurance,0.69,11927
PL10129,IFFCO TOKIO General Insurance Critical Illness Plan,IFFCO TOKIO General Insurance,3.99,6148
PL10130,Zurich Kotak General Insurance Individual Health Insurance Bronze,Zurich Kotak General Insurance,1.11,3841
PL10131,Zurich Kotak General Insurance Family Floater Silver,Zurich Kotak General Insurance,1.18,6354
PL10132,Zurich Kotak General Insurance Senior Citizen Health Gold,Zurich Kotak General Insurance,0.84,9253
PL10133,Zurich Kotak General Insurance Critical Illness Plan,Zurich Kotak General Insurance,3.62,3006
PL10134,Liberty General Insurance Individual Health Insurance Gold,Liberty General Insurance,5.67,8626
PL10135,Liberty General Insurance Family Floater Gold,Liberty General Insurance,1.61,5418
PL10136,Liberty General Insurance Senior Citizen Health Silver,Liberty General Insurance,3.3,9823
PL10137,Magma General Insurance Individual Health Insurance Bronze,Magma General Insurance,5.75,3800
PL10138,Magma General Insurance Family Floater Bronze,Magma General Insurance,7.41,659
PL10139,Magma General Insurance Senior Citizen Health Bronze,Magma General Insurance,3.69,10251
PL10140,Niva Bupa Health Insurance Individual Health Insurance Gold,Niva Bupa Health Insurance,6.54,13076
PL10141,Niva Bupa Health Insurance Family Floater Silver,Niva Bupa Health Insurance,4.31,10370
PL10142,Niva Bupa Health Insurance Senior Citizen Health Silver,Niva Bupa Health Insurance,2.06,13106
PL10143,Niva Bupa Health Insurance Critical Illness Plan,Niva Bupa Health Insurance,1.78,4443
PL10144,National Insurance Company Individual Health Insurance Bronze,National Insurance Company,4.42,8044
PL10145,National Insurance Company Family Floater Bronze,National Insurance Company,7.44,1305
PL10146,National Insurance Company Senior Citizen Health Gold,National Insurance Company,4.94,7960
PL10147,National Insurance Company Critical Illness Plan,National Insurance Company,5.74,1080
PL10148,New India Assurance Company Individual Health Insurance Silver,New India Assurance Company,6.78,13004
PL10149,New India Assurance Company Family Floater Platinum,New India Assurance Company,6.87,4404
PL10150,New India Assurance Company Senior Citizen Health Gold,New India Assurance Company,7.34,14567
PL10151,New India Assurance Company Critical Illness Plan,New India Assurance Company,1.14,273
PL10152,Raheja QBE General Insurance Individual Health Insurance Silver,Raheja QBE General Insurance,5.34,13433
PL10153,Raheja QBE General Insurance Family Floater Bronze,Raheja QBE General Insurance,6.52,9967
PL10154,Raheja QBE General Insurance Senior Citizen Health Gold,Raheja QBE General Insurance,1.79,3942
PL10155,Reliance General Insurance Individual Health Insurance Gold,Reliance General Insurance,1.65,12192
PL10156,Reliance General Insurance Family Floater Silver,Reliance General Insurance,5.97,10861
PL10157,Reliance General Insurance Senior Citizen Health Platinum,Reliance General Insurance,2.01,12554
PL10158,Reliance General Insurance Critical Illness Plan,Reliance General Insurance,2.64,3160
PL10159,Care Health Insurance Individual Health Insurance Bronze,Care Health Insurance,4.48,2325
PL10160,Care Health Insurance Family Floater Silver,Care Health Insurance,5.31,12530
PL10161,Care Health Insurance Senior Citizen Health Bronze,Care Health Insurance,1.52,592
PL10162,Care Health Insurance Critical Illness Plan,Care Health Insurance,1.69,6257
PL10163,Royal Sundaram General Insurance Individual Health Insurance Silver,Royal Sundaram General Insurance,2.81,2347
PL10164,Royal Sundaram General Insurance Family Floater Silver,Royal Sundaram General Insurance,5.34,2234
PL10165,Royal Sundaram General Insurance Senior Citizen Health Silver,Royal Sundaram General Insurance,6.2,2178
PL10166,SBI General Insurance Individual Health Insurance Silver,SBI General Insurance,1.19,2045
PL10167,SBI General Insurance Family Floater Bronze,SBI General Insurance,4.6,5322
PL10168,SBI General Insurance Senior Citizen Health Silver,SBI General Insurance,6.6,6729
PL10169,SBI General Insurance Critical Illness Plan,SBI General Insurance,4.03,5146
PL10170,Shriram General Insurance Individual Health Insurance Bronze,Shriram General Insurance,5.06,2182
PL10171,Shriram General Insurance Family Floater Bronze,Shriram General Insurance,6.67,1835
PL10172,Shriram General Insurance Senior Citizen Health Bronze,Shriram General Insurance,1.01,13181
PL10173,Star Health and Allied Insurance Individual Health Insurance Silver,Star Health and Allied Insurance,0.68,6216
PL10174,Star Health and Allied Insurance Family Floater Bronze,Star Health and Allied Insurance,4.56,14383
PL10175,Star Health and Allied Insurance Senior Citizen Health Gold,Star Health and Allied Insurance,7.11,945
PL10176,Star Health and Allied Insurance Critical Illness Plan,Star Health and Allied Insurance,5.05,2798
PL10177,Tata AIG General Insurance Individual Health Insurance Bronze,Tata AIG General Insurance,3.5,11071
PL10178,Tata AIG General Insurance Family Floater Silver,Tata AIG General Insurance,6.16,8659
PL10179,Tata AIG General Insurance Senior Citizen Health Silver,Tata AIG General Insurance,5.43,899
PL10180,Tata AIG General Insurance Critical Illness Plan,Tata AIG General Insurance,5.74,3567
PL10181,The Oriental Insurance Company Individual Health Insurance Gold,The Oriental Insurance Company,1.92,8682
PL10182,The Oriental Insurance Company Family Floater Bronze,The Oriental Insurance Company,7.92,2297
PL10183,The Oriental Insurance Company Senior Citizen Health Bronze,The Oriental Insurance Company,2.29,8021
PL10184,The Oriental Insurance Company Critical Illness Plan,The Oriental Insurance Company,5.75,3082
PL10185,United India Insurance Company Individual Health Insurance Silver,United India Insurance Company,0.95,8520
PL10186,United India Insurance Company Family Floater Bronze,United India Insurance Company,5.71,5664
PL10187,United India Insurance Company Senior Citizen Health Silver,United India Insurance Company,7.25,2536
PL10188,United India Insurance Company Critical Illness Plan,United India Insurance Company,0.62,5710
PL10189,Universal Sompo General Insurance Individual Health Insurance Gold,Universal Sompo General Insurance,0.54,13925
PL10190,Universal Sompo General Insurance Family Floater Bronze,Universal Sompo General Insurance,3.25,13971
PL10191,Universal Sompo General Insurance Senior Citizen Health Bronze,Universal Sompo General Insurance,3.12,13957
PL10192,Kshema General Insurance Individual Health Insurance Gold,Kshema General Insurance,7.04,11844
PL10193,Kshema General Insurance Family Floater Silver,Kshema General Insurance,1.12,11564
PL10194,Kshema General Insurance Senior Citizen Health Bronze,Kshema General Insurance,2.86,14180
PL10195,Kshema General Insurance Critical Illness Plan,Kshema General Insurance,5.31,818
PL10196,Galaxy Health Insurance Individual Health Insurance Silver,Galaxy Health Insurance,1.15,11597
PL10197,Galaxy Health Insurance Family Floater Silver,Galaxy Health Insurance,2.78,6447
PL10198,Galaxy Health Insurance Senior Citizen Health Gold,Galaxy Health Insurance,3.28,3793
PL10199,Galaxy Health Insurance Critical Illness Plan,Galaxy Health Insurance,1.97,1192
PL10200,Bandhan General Insurance Individual Health Insurance Gold,Bandhan General Insurance,0.8,8534
PL10201,Bandhan General Insurance Family Floater Bronze,Bandhan General Insurance,3.55,1703
PL10202,Bandhan General Insurance Senior Citizen Health Bronze,Bandhan General Insurance,7.88,3677
PL10203,Ayushman Bharat - PMJAY package,Ayushman Bharat,1.54,50000
